Dataset,Camera,Category,Author,Organisation/Project,Source,Dataset link,Images,Size in GB (est.),Ground Truth,License,License link,SampleImage,Image Format,DOI,Masks,Description
AvignonHotelDesMonnaies,Canon EOS 5D Mark II,Building,Romuald Perrot rperrot,,https://github.com/rperrot/ReconstructionDataSet,https://github.com/rperrot/ReconstructionDataSet/tree/master/AvignonHotelDesMonnaies,11,"0,176",no,Attribution-NonCommercial 3.0 Unported,https://github.com/rperrot/ReconstructionDataSet/blob/master/LICENSE,https://github.com/rperrot/ReconstructionDataSet/blob/master/AvignonHotelDesMonnaies/DPP_0001.JPG,JPG,,,Hotel des Monnaies facade building in Avignon (France)
BoutevilleWindowDetail,Canon EOS 5D Mark II,Building,Romuald Perrot rperrot,,https://github.com/rperrot/ReconstructionDataSet,https://github.com/rperrot/ReconstructionDataSet/tree/master/BoutevilleWindowDetail,26,"0,416",no,Attribution-NonCommercial 3.0 Unported,https://github.com/rperrot/ReconstructionDataSet/blob/master/LICENSE,https://github.com/rperrot/ReconstructionDataSet/blob/master/BoutevilleWindowDetail/DPP_0785.JPG,JPG,,,Upper window detail of Bouteville Castle (France)
BurgosPuertaDeLaCoroneria,Canon EOS 5D Mark II,Building,Romuald Perrot rperrot,,https://github.com/rperrot/ReconstructionDataSet,https://github.com/rperrot/ReconstructionDataSet/tree/master/BurgosPuertaDeLaCoroneria,10,"0,16",no,Attribution-NonCommercial 3.0 Unported,https://github.com/rperrot/ReconstructionDataSet/blob/master/LICENSE,https://github.com/rperrot/ReconstructionDataSet/blob/master/BurgosPuertaDeLaCoroneria/DPP_0245.JPG,JPG,,,North Transept Portal of Burgos Cathedral
CognacGardenBuilding,Canon EOS 5D Mark II,Building,Romuald Perrot rperrot,,https://github.com/rperrot/ReconstructionDataSet,https://github.com/rperrot/ReconstructionDataSet/tree/master/CognacGardenBuilding,12,"0,192",no,Attribution-NonCommercial 3.0 Unported,https://github.com/rperrot/ReconstructionDataSet/blob/master/LICENSE,https://github.com/rperrot/ReconstructionDataSet/blob/master/CognacGardenBuilding/DPP_0823.jpg,JPG,,,Cognac Garden Building image set
CognacStJacquesDoor,Canon EOS 5D Mark II,Building,Romuald Perrot rperrot,,https://github.com/rperrot/ReconstructionDataSet,https://github.com/rperrot/ReconstructionDataSet/tree/master/CognacStJacquesDoor,19,"0,304",no,Attribution-NonCommercial 3.0 Unported,https://github.com/rperrot/ReconstructionDataSet/blob/master/LICENSE,https://github.com/rperrot/ReconstructionDataSet/blob/master/CognacStJacquesDoor/DPP_0803.jpg,JPG,,,Saint Jacques Door at cognac City
EchillaisChurch,Canon EOS 5D Mark II,Building,Romuald Perrot rperrot,,https://github.com/rperrot/ReconstructionDataSet,https://github.com/rperrot/ReconstructionDataSet/tree/master/EchillaisChurch,352,"5,632",no,Attribution-NonCommercial 3.0 Unported,https://github.com/rperrot/ReconstructionDataSet/blob/master/LICENSE,https://github.com/rperrot/ReconstructionDataSet/blob/master/EchillaisChurch/DPP_2118.JPG,JPG,,,Echillais Church
MirebeauStHilaireStatue,Canon EOS 5D Mark II,Statue,Romuald Perrot rperrot,,https://github.com/rperrot/ReconstructionDataSet,https://github.com/rperrot/ReconstructionDataSet/tree/master/MirebeauStHilaireStatue,22,"0,352",no,Attribution-NonCommercial 3.0 Unported,https://github.com/rperrot/ReconstructionDataSet/blob/master/LICENSE,https://github.com/rperrot/ReconstructionDataSet/blob/master/MirebeauStHilaireStatue/DPP_0001.JPG,JPG,,,"Saint Hilaire Statue in front of Mirebeau Church (Vienne, France)"
MuratoCorsicaChurch,Canon EOS 5D Mark II,Building,Romuald Perrot rperrot,,https://github.com/rperrot/ReconstructionDataSet,https://github.com/rperrot/ReconstructionDataSet/tree/master/MuratoCorsicaChurch,43,"0,688",no,Attribution-NonCommercial 3.0 Unported,https://github.com/rperrot/ReconstructionDataSet/blob/master/LICENSE,https://github.com/rperrot/ReconstructionDataSet/blob/master/MuratoCorsicaChurch/DPP_0001.JPG,JPG,,,Murato Church in Corsica
PoitiersCathedralMainEntranceDoor,Canon EOS 5D Mark II,Building,Romuald Perrot rperrot,,https://github.com/rperrot/ReconstructionDataSet,https://github.com/rperrot/ReconstructionDataSet/tree/master/PoitiersCathedralMainEntranceDoor,33,"0,528",no,Attribution-NonCommercial 3.0 Unported,https://github.com/rperrot/ReconstructionDataSet/blob/master/LICENSE,https://github.com/rperrot/ReconstructionDataSet/blob/master/PoitiersCathedralMainEntranceDoor/DPP_0735.JPG,JPG,,,Main Entrance Door of Poitiers Cathedral (France)
dataset_flowerpot,Meizu M1 Note,Object,natowi,,https://github.com/natowi/dataset_flowerpot,https://github.com/natowi/dataset_flowerpot/tree/master/full_dataset,245,"0,8",no,Creative Commons Attribution-ShareAlike 4.0 International License.,https://github.com/natowi/dataset_flowerpot/blob/master/license.md,https://github.com/natowi/dataset_flowerpot/blob/master/full_dataset/P81019-151014.jpg,JPG,,,"Scan of a small flowerpot. The images were created by turning the object with the reference plane and keeping the camera on the same position.This dataset uses the ""Scale for Small-Object Photogrammetry"" by Samantha Porter"
dataset_monstree full,IPhone 7,Tree,fabiencastan alicevision,,https://github.com/alicevision/dataset_monstree,https://github.com/alicevision/dataset_monstree/tree/master/full,41,"0,135",no,?,?,https://github.com/alicevision/dataset_monstree/blob/master/full/IMG_1024.JPG,JPG,,,Part of a tree trunk all images
dataset_monstree mini3,IPhone 7,Tree,fabiencastan alicevision,,https://github.com/alicevision/dataset_monstree,https://github.com/alicevision/dataset_monstree/tree/master/mini3,3,"0,014",no,?,?,https://github.com/alicevision/dataset_monstree/blob/master/mini3/IMG_1024.JPG,JPG,,,Part of a tree trunk 3 images
dataset_monstree mini6,IPhone 7,Tree,fabiencastan alicevision,,https://github.com/alicevision/dataset_monstree,https://github.com/alicevision/dataset_monstree/tree/master/mini6,6,"0,027",no,?,?,https://github.com/alicevision/dataset_monstree/blob/master/mini6/IMG_1024.JPG,JPG,,,Part of a tree trunk 6 images
dataset_buddha,?,Statue,fabiencastan alicevision,,https://github.com/alicevision/dataset_buddha,https://github.com/alicevision/dataset_buddha/tree/master/buddha,67,,no,?,?,https://github.com/alicevision/dataset_buddha/blob/master/buddha/00001._c.png,PNG,yes,,Buddah head (modern) all images
dataset_buddha buddha_mini6,?,Statue,fabiencastan alicevision,,https://github.com/alicevision/dataset_buddha,https://github.com/alicevision/dataset_buddha/tree/master/buddha_mini6,6,"0,024",no,?,?,https://github.com/alicevision/dataset_buddha/blob/master/buddha_mini6/00001._c.png,PNG,,,Buddah head (modern) 6 images
Bird_snow_UK,Motorola Milestone,Animal tracks,Peter Falkingham,,https://peterfalkingham.com/resources/,https://peterfalkingham.com/resources/neoichnology/,8,"0,005",no,?,?,https://pfalkingham.files.wordpress.com/2014/07/bird-snow-custom.jpg,JPG,DOI: 10.6084/m9.figshare.1111480 ,,Tracks from an unidentified bird in ~ 5mm snow
Bird track in mud,SONY NEX-4,Animal tracks,Peter Falkingham,,https://peterfalkingham.com/resources/,https://peterfalkingham.com/resources/neoichnology/,8,"0,126",no,?,?,,JPG,DOI: 10.6084/m9.figshare.1111868 ,,This was taken in a drying pond where geese congregated 
"Heron, multiple tracks, mud, Flintshire, UK.",SONY NEX-5,Animal tracks,Peter Falkingham,,https://peterfalkingham.com/resources/,https://peterfalkingham.com/resources/neoichnology/,21,"0,1",no,?,?,,JPG,DOI: 10.6084/m9.figshare.1564810 ,,"3-4 tracks in sequence.  Quite deep in soft, sticky mud "
Deer track ,SONY NEX-6,Animal tracks,Peter Falkingham,,https://peterfalkingham.com/resources/,https://peterfalkingham.com/resources/neoichnology/,6,"0,07",no,?,?,,JPG,DOI: 10.6084/m9.figshare.1185593 ,,"Deer track made in dry, coarse soil "
Dog track mud,Nokia Lumia 925,Animal tracks,Peter Falkingham,,https://peterfalkingham.com/resources/,https://peterfalkingham.com/resources/neoichnology/,16,"0,078",no,?,?,,JPG,DOI: 10.6084/m9.figshare.1111870 ,,Assumed deep dog tracks in mud
Dog track sand,OLYMPUS,Animal tracks,Peter Falkingham,,https://peterfalkingham.com/resources/,https://peterfalkingham.com/resources/neoichnology/,6,"0,1",no,?,?,,JPG,DOI: 10.6084/m9.figshare.1111869 ,,Dog track made on the beach. 
"Pig, Mud, Herts UK",,Animal tracks,Peter Falkingham,,https://peterfalkingham.com/resources/,,,,no,?,?,,,DOI: 10.6084/m9.figshare.1111871 ,,Bioturbated surface created from pigs walking and rooting in mud. Notes: Some very odd scour marks left by the snout make for a highly complex surface – one that would be extremely difficult to interpret in the fossil record
"Squirrel, Snow, Rhode Island USA",,Animal tracks,Peter Falkingham,,https://peterfalkingham.com/resources/,,,,no,?,?,,,DOI: 10.6084/m9.figshare.1111873 ,,Tracks made by a bounding Squirrel in deep snow (saw the squirrel make them). Notes: I was struck how much the 4 feet + body look so much like a single larger track when the kinematics distort the impressions. Look at it long enough and you might see a theropod track with pad impressions!
"Squirrel, Sand, Herts UK",,Animal tracks,Peter Falkingham,,https://peterfalkingham.com/resources/,,,,no,?,?,,,DOI: 10.6084/m9.figshare.1111872 ,,Tracks made by what I believe was a squirrel – 3 tracks showing manus/pes overprinting. A bird track is also present. 
"Squirrel, Mud, North Wales",,Animal tracks,Peter Falkingham,,https://peterfalkingham.com/resources/,,,,no,?,?,,,DOI: 10.6084/m9.figshare.4496054 ,," Really nice impressions including fur/skin marks behind the footprints Notes: Download includes *.fbx, rather than the more common ply, stl, or obj"
"Human, Mud/Soil, Wirral UK",,Animal tracks,Peter Falkingham,,https://peterfalkingham.com/resources/,,,,no,?,?,,,DOI: 10.6084/m9.figshare.1461651 ,,"Human tracks made on a soil slope. Notes: What’s interesting is that I don’t think these were made by a single individual, but rather the gradual erosion of the substrate by successive people walking in the same area.  People choose to step on the previous impressions as they are flatter than the rest of the slope and provide a more level footing.  No Scale – Sorry, this was a spur of the moment thing and I didn’t have anything for scale handy (very naughty I know!), but felt it was interesting enough to share."
"Shod Human, Rippled beach sand, West Kirby, UK",,Animal tracks,Peter Falkingham,,https://peterfalkingham.com/resources/,,,,no,?,?,,,DOI: 10.6084/m9.figshare.1512808 ,,Human footprint on a heavily rippled beach. Sole of shoe clear.
"Shod Human + Dog, Deep [cracked] mud, Neston, Wirral, UK.",,Animal tracks,Peter Falkingham,,https://peterfalkingham.com/resources/,,,,no,?,?,,,DOI: 10.6084/m9.figshare.1512808 ,,Human footprint on a heavily rippled beach. Sole of shoe clear. Notes: Interesting preservation in the slip/fault of the centre section of substrate during toe-off.
"Human in Wellington Boot, Mud + Grass, Wirral, UK",,Animal tracks,Peter Falkingham,,https://peterfalkingham.com/resources/,,,,no,?,?,,,DOI: 10.6084/m9.figshare.2056728 ,,Footprint of Wellington Boot. 
Horse Trackway/Trampled Ground,,Animal tracks,Peter Falkingham,,https://peterfalkingham.com/resources/,,,,no,?,?,,,DOI: 10.6084/m9.figshare.1551979 ,,"An area trampled by horse tracks, presumably 2-3 horses crossed the area, but not certain. "
Horse prints and raindrop impressions,,Animal tracks,Peter Falkingham,,https://peterfalkingham.com/resources/,,,,no,?,?,,,DOI: 10.6084/m9.figshare.2056731.v1 ,,"An area trampled by horse tracks, and presented a rained on surface. "
"Rhino tracks, deep mud",,Animal tracks,Peter Falkingham,,https://peterfalkingham.com/resources/,,,,no,?,?,,,DOI: 10.6084/m9.figshare.3806289.v1 ,,"Individual tracks from a large Rhino, one in deep mud, the other shallower."
"Crocodiles, Various",,Animal tracks,Peter Falkingham,,https://peterfalkingham.com/resources/,,,,no,?,?,,,DOI: 10.5281/zenodo.31711 ,,
"Cricket (injured), Sand, UK",,Animal tracks,Peter Falkingham,,https://peterfalkingham.com/resources/,,,,no,?,?,,,DOI: 10.6084/m9.figshare.1111867 ,,Walking trackway of injured cricket. 
Tyrannosaurid ,,Animal tracks,Peter Falkingham,,https://peterfalkingham.com/resources/,https://peterfalkingham.com/resources/dinosaur-tracks/,9,"0,1",no,?,?,,JPG,10.6084/m9.figshare.1117833 ,,Large tridactyl track attributed to a Tyrannosaurid trackmaker. Preserved in highly weathered surface. 
Theropod(?) ,,Animal tracks,Peter Falkingham,,https://peterfalkingham.com/resources/,https://peterfalkingham.com/resources/dinosaur-tracks/,17,"0,119",no,?,?,,JPG,DOI: 10.6084/m9.figshare.1185611 ,,"A pretty poorly preserved tridactyl track, probably theropod (but could be ornithopod) "
Historical Recontruction – Paluxy chase sequence,Scan,Animal tracks,Peter Falkingham,,https://peterfalkingham.com/resources/,https://peterfalkingham.com/resources/dinosaur-tracks/,17,"0,233",no,?,?,,JPG,DOI: 10.6084/m9.figshare.1297750.v1 ,,"Historical photographs, and associated photogrammetric reconstruction of the famous Paluxy River Chase Sequence.  Photographs were taken around the time of the excavation in 1946, and are scanned in at about 1200dpi. "
Theropod track,,Animal tracks,Peter Falkingham,,https://peterfalkingham.com/resources/,https://peterfalkingham.com/resources/dinosaur-tracks/,25,"0,119",no,?,?,,JPG,DOI: 10.6084/m9.figshare.5674696.v1 ,,"Theropod track, decent size, nice preservation "
Latex Peels of 4 theropod tracks from the Paluxy River,,Animal tracks,Peter Falkingham,,https://peterfalkingham.com/resources/,https://peterfalkingham.com/resources/dinosaur-tracks/,,"0,239",no,?,?,,,DOI: 10.6084/m9.figshare.1322110 ,,Latex Peels of 4 theropod tracks from the Paluxy R 
Sauropod track,,Animal tracks,Peter Falkingham,,https://peterfalkingham.com/resources/,https://peterfalkingham.com/resources/dinosaur-tracks/,,"0,064",no,?,?,,,DOI: 10.6084/m9.figshare.3203359.v1 ,,Digit only sauropod pes impression 
Ornithopod? ,,Animal tracks,Peter Falkingham,,https://peterfalkingham.com/resources/,https://peterfalkingham.com/resources/dinosaur-tracks/,,"0,145",no,?,?,,,DOI:10.6084/m9.figshare.4231679,,ingle ornithopod track with interesting internal morphology 
The Rosetta Stone ,SONY ILCE-6000 v3.2,Heritage,Daniel Pett  British Museum,,https://github.com/BritishMuseumDH/rosettaStone,https://github.com/BritishMuseumDH/rosettaStone/tree/master/raw,223,"1,1",,Attribution-NonCommercial-ShareAlike 4.0 International,https://github.com/BritishMuseumDH/rosettaStone/blob/master/LICENSE.md,,,10.5281/zenodo.1158526,,This repository contains data for recreation of a British Museum object - the Rosetta Stone - in 3D using Agisoft PhotoScan Pro. One could use the raw images with any other package that supports Photogrammetry. 
Alexander the Great ,SONY ILCE-6000 v3.2,Heritage,Daniel Pett  British Museum,,https://github.com/BritishMuseumDH/alexanderTheGreat,https://github.com/BritishMuseumDH/alexanderTheGreat/tree/master/images,56,"0,28",,Attribution-NonCommercial-ShareAlike 4.0 International,https://github.com/BritishMuseumDH/alexanderTheGreat/blob/master/LICENSE.md,,,10.5281/zenodo.888818 ,,"Marble portrait head of Alexander the Great: the head was cut to fit into a separately made body. The surface is in good condition with only minor abrasions. The back of the head has been worked to receive the remainder of the hair, which was probably made of another material, such as stucco or plaster. COL: GAA8293"
False door of Ptahshepses ,Sony A6000 ,,Daniel Pett  British Museum,,https://github.com/BritishMuseumDH/falseDoorOfPtahshepses,https://github.com/BritishMuseumDH/falseDoorOfPtahshepses/tree/master/images/chunks,860,,,,https://github.com/BritishMuseumDH/falseDoorOfPtahshepses/blob/master/LICENSE.md,,,,,"Limestone false-door and architrave of Ptahshepses: the architrave, which is carved in fine, detailed, sunk relief, contains five lines of text consisting of standard invocation-formulae to Osiris and Anubis. The false door consists of the false door proper with two lines of text on each side containing the titles of Ptahshepses, flanked on both sides by panelled walls carrying the biographical inscription of Ptahshepses in which he describes his birth in the time of Mycerinus, his marriage to Khamaat, a princess and daughter, probably, of Shepseskaf, and his career under four further kings, continuing down, probably, to Nyuserre of the Fifth Dynasty."
Statue of Roy ,Nikon D5100 ,,Daniel Pett  British Museum,,https://github.com/BritishMuseumDH/statueOfRy,https://github.com/BritishMuseumDH/statueOfRy/tree/master/images,160,,,CC-BY-NC-SA ,https://github.com/BritishMuseumDH/statueOfRy/blob/master/LICENSE.md,,,10.5281/zenodo.839820 ,Masks,"Granodiorite squatting figure of Roy, High Priest of Amun during the reigns of Ramses II, Merenptah and Sety II, holding a Hathor-headed sistrum before, the dorsal pillar is inscribed with two vertical registers of hieroglyphs - invocations to Amun-Ra and Mut; lower section lost. "
Egyptian Boat from Ancient Lives ,,,Daniel Pett  British Museum,,https://github.com/BritishMuseumDH/egyptianBoat,https://github.com/BritishMuseumDH/egyptianBoat/tree/master/images,190,"1,1",,Attribution-NonCommercial-ShareAlike 4.0 International,https://github.com/BritishMuseumDH/egyptianBoat/blob/master/LICENSE.md,,,,,Source files to create a 3D model of an Egyptian boat from Ancient Lives
Rameses IV ,,,Daniel Pett  British Museum,,https://github.com/BritishMuseumDH/ramesesIV,https://github.com/BritishMuseumDH/ramesesIV/tree/master/images,,,,CC-BY-NC-SA ,https://github.com/BritishMuseumDH/ramesesIV/blob/master/LICENSE.md,,,,,
Mummy Label ,,,Daniel Pett  British Museum,,https://github.com/BritishMuseumDH/mummyLabel,https://github.com/BritishMuseumDH/mummyLabel/tree/master/images,,,,CC-BY-NC-SA ,https://github.com/BritishMuseumDH/mummyLabel/blob/master/LICENSE.md,,,,,
Ethiopian Head ,,,Daniel Pett  British Museum,,https://github.com/BritishMuseumDH/ethiopianHead,https://github.com/BritishMuseumDH/ethiopianHead/tree/master/images,,,,CC-BY-NC-SA ,https://github.com/BritishMuseumDH/ethiopianHead/blob/master/LICENSE.md,,,,,
Leda and the Swan ,,,Daniel Pett  British Museum,,https://github.com/BritishMuseumDH/ledaAndTheSwan,https://github.com/BritishMuseumDH/ledaAndTheSwan/tree/master/images,,,,CC-BY-NC-SA ,https://github.com/BritishMuseumDH/ledaAndTheSwan/blob/master/LICENSE.md,,,10.5281/zenodo.883056 ,Masks,
irthorruCartonnage,,,Daniel Pett  British Museum,,https://github.com/BritishMuseumDH/irthorruCartonnage,https://github.com/BritishMuseumDH/irthorruCartonnage/tree/master/images,217,"1,3",,?,,https://github.com/BritishMuseumDH/irthorruCartonnage/blob/master/images/DSC_0192.JPG,JPG,,,The files and images to recreate a 3D model of Irthorru 
Amun Ram ,,,Daniel Pett  British Museum,,https://github.com/BritishMuseumDH/amunRam,https://github.com/BritishMuseumDH/amunRam/tree/master/images,65,"0,39",,Attribution-NonCommercial-ShareAlike 4.0 International,https://github.com/BritishMuseumDH/amunRam/blob/master/LICENSE.md,,JPG,,,Source files to create a 3D model of the Amun Ram in the British Museum Egyptian Sculpture gallery. 
colossalAmenhotepIII,,,"Daniel Pett,  Marcel Maree ",,https://github.com/BritishMuseumDH/colossalAmenhotepIII,https://github.com/BritishMuseumDH/colossalAmenhotepIII/tree/master/images,93,"0,5",,Attribution-NonCommercial-ShareAlike 4.0 International,https://github.com/BritishMuseumDH/colossalAmenhotepIII/blob/master/LICENSE.md,,JPG,,,A head of Amenhotep III in 3D 
buddhaPreaching,,,Daniel Pett  British Museum,,https://github.com/BritishMuseumDH/buddhaPreaching,https://github.com/BritishMuseumDH/buddhaPreaching/images,48,"0,5",,Attribution-NonCommercial-ShareAlike 4.0 International,https://github.com/BritishMuseumDH/buddhaPreaching/blob/master/LICENSE.md,,"JPG, CR2",,,3D data for recreation of a British Museum object.
asclepius,OnePlus3 ,,Daniel Pett  British Museum,,https://github.com/BritishMuseumDH/asclepius,https://github.com/BritishMuseumDH/asclepius/tree/master/images,165,"0,5",,,https://github.com/BritishMuseumDH/asclepius/blob/master/LICENSE.md,,JPG,,,"Marble statue of Asclepius; leaning on a club round which a snake is twined; bearded and wearing diadem and mantle; right shoulder bare; by his side is a draped figure of Telesphoros (which is headless). Second Century AD, Roman copy of Greek original. "
IsisStatuette,,,Daniel Pett  British Museum,,https://github.com/BritishMuseumDH/greekYouth,https://github.com/BritishMuseumDH/greekYouth/tree/master/images,326,"0,8",,?,,,JPG,,,A horrible model file set for a 3D statuette of Isis 
greekYouth,,,Daniel Pett  British Museum,,https://github.com/BritishMuseumDH/greekYouth,https://github.com/BritishMuseumDH/greekYouth/tree/master/images,105,"0,5",,Creative Commons By Attribution Share-Alike Non-Commercial ,,,,10.5281/zenodo.164605 ,,This repository contains the files and images to create a 3D rendering of the stelophorous statue of Mentuemhat
chrysippos3D,,,Daniel Pett  British Museum,,https://github.com/BritishMuseumDH/chrysippos3D,https://github.com/BritishMuseumDH/chrysippos3D/tree/master/images,,,,CC-BY-NC-SA ,,,,10.5281/zenodo.164618 ,Masks,This repository contains the source files and photoscan file for creation of a 3D model of Chryippos in 3D.
mentuemhatStatue,Nikon D5100 ,,Daniel Pett  British Museum,,https://github.com/BritishMuseumDH/mentuemhatStatue,https://github.com/BritishMuseumDH/mentuemhatStatue/tree/master/images,,,,Creative Commons By Attribution Share-Alike Non-Commercial license ,,,,,Masks,telophorous statue of Mentuemhat The model of Mentuemhat was created by simply walking around the object and taking pictures with a Nikon D5100.
nandiBull,,,Daniel Pett  British Museum,,https://github.com/BritishMuseumDH/nandiBull,https://github.com/BritishMuseumDH/nandiBull/tree/master/images,,,,Creative Commons By Attribution Share-Alike Non-Commercial license ,,,,,,"This repository contains the files and images to create a 3D rendering of the Nandi Bull. A 16th Century AD granite statue from the Vijayangara period, excavated in Deccan, India. It shows the humped bull mount of Siva, Nandi, garlanded and decorated with bells. "
Molossian Hound/ Jennings Dog,,,Daniel Pett  British Museum,,https://github.com/BritishMuseumDH/molossianHound,https://github.com/BritishMuseumDH/molossianHound/tree/master/images,,,,Creative Commons By Attribution Share-Alike Non-Commercial license ,,,,,Masks,"This repository contains the files and images to create a 3D rendering of the Jennings Dog. A marble statue of a seated Molossian dog with a docked tail; a Roman copy of a Hellenistic bronze original, muzzle and one leg repaired. Also known as the Duncombe Dog and the Dog of Alcibiades. 2nd Century AD, found in Rome."
Greek head ,,,Daniel Pett  British Museum,,https://github.com/BritishMuseumDH/greekHead,https://github.com/BritishMuseumDH/greekHead/tree/master/images,,,,Creative Commons By Attribution Share-Alike Non-Commercial license ,,,,,Masks,
Mictlantecuhli ,,,Daniel Pett  British Museum,,https://github.com/BritishMuseumDH/mictlantecuhli,https://github.com/BritishMuseumDH/mictlantecuhli/tree/master/images,,,,CC BY-NC-SA ,,,,10.5281/zenodo.167774 ,Masks,"Sandstone seated figure of Mictlantecuhtli, the Aztec god of death. The figure bears three glyphs on its back: ‘Two Skull’, ‘Five Vulture’ and ‘Four House’. Height 60.00cm, Width 27.00cm Created by Daniel Pett from 177 photos taken with a OnePlus3 in gallery lit conditions (dark). Several spot lights are focused on this object from different directions. Hence interesting shadows in mode "
Cippus ,,,Daniel Pett  British Museum,,https://github.com/BritishMuseumDH/cippus,https://github.com/BritishMuseumDH/cippus/tree/master/images,,,,CC BY-NC-SA ,,,,10.5281/zenodo.166698 ,Masks,Black steatite cippus; standards on either side of Harpocrates; eight registers of Gods and text in the field; other surfaces covered with rows of Hieroglyphic text; two fragments re-joined.
prudhoeLionLeft ,,,Daniel Pett  British Museum,,https://github.com/BritishMuseumDH/prudhoeLionLeft,https://github.com/BritishMuseumDH/prudhoeLionLeft/tree/master/images,,,,Attribution-NonCommercial-ShareAlike 4.0 International,https://github.com/BritishMuseumDH/prudhoeLionLeft/blob/master/LICENSE.md,,,,,
Isis and Horus ,,,Daniel Pett  British Museum,,https://github.com/BritishMuseumDH/isisHorusAL,https://github.com/BritishMuseumDH/isisHorusAL/tree/master/images,,,,,,,,,Masks,
egyptianStanding ,,,Daniel Pett  British Museum,,https://github.com/BritishMuseumDH/egyptianStanding,https://github.com/BritishMuseumDH/egyptianStanding/tree/master/images,,,,?,,,,,,
Ain Sakhri lovers ,,,Daniel Pett  British Museum,,https://github.com/BritishMuseumDH/ainSakhriLoversV1,https://github.com/BritishMuseumDH/ainSakhriLoversV1/tree/master/images,,,,CC BY-NC-SA ,https://github.com/BritishMuseumDH/ainSakhriLoversV1/blob/master/LICENSE.md,,,10.5281/zenodo.321613 ,Masks,
Ain Sakhri full ,,,Daniel Pett  British Museum,,https://github.com/BritishMuseumDH/ainSakhriLoversV2,https://github.com/BritishMuseumDH/ainSakhriLoversV2/tree/master/images,,,,CC-BY-NC-SA ,,,,,no,ainSakhriLoversV2 
Virgin and Child medieval alabaster ,OnePlus 3 ,,"Daniel Pett and Lloyd de Beer, British Museum",,https://github.com/BritishMuseumDH/virginAndChild,https://github.com/BritishMuseumDH/virginAndChild/tree/master/images,384,,,CC-BY-NC-SA ,,,,10.5281/zenodo.200337 ,Masks,"A partially polychromed alabaster representation of the Virgin and Child from England (probably Midlands), about 1350-75. Redemptorist Monastery, Saint Truiden, Limburg, Belgium. "
Townley Well-head ,Nikon D5100 ,,Daniel Pett  British Museum,,https://github.com/BritishMuseumDH/townleyRomanWellhead,https://github.com/BritishMuseumDH/townleyRomanWellhead/tree/master/images,,,,CC-BY-NC-SA ,,,,,Masks,"Pentelic marble well-head (puteal) decorated with four scenes of erotic pursuit: Hercules in female dress seizing Omphale, flanked on the left by a vase and on the right by a flying Cupid holding a sceptre; a female figure struggling with a male, thought to resemble Hercules; a female figure seized by a young satyr carrying a wineskin; and a young Hermaphrodite attempting to escape from a bearded satyr, who is seated on a rock under a palm tree."
Lancaster Cross ,Sony A6000 ,,Daniel Pett  British Museum,,https://github.com/BritishMuseumDH/lancasterCrossG41,https://github.com/BritishMuseumDH/lancasterCrossG41/tree/master/images,248,,,,https://github.com/BritishMuseumDH/lancasterCrossG41/blob/master/LICENSE.md,,,,Masks,
gudea ,,,Daniel Pett  British Museum,,https://github.com/BritishMuseumDH/gudea,,,,,CC-BY-NC-SA ,https://github.com/BritishMuseumDH/gudea/blob/master/LICENSE.md,,,,Masks,Upper part of standing figure with head; carved and polished mottled green dolerite; but neck restored. Gudea was the ruler of the city-state of Lagash.
Caracalla,Nikon D5100 ,,Daniel Pett  British Museum,,https://github.com/BritishMuseumDH/caracalla,https://github.com/BritishMuseumDH/caracalla/tree/master/images,144,,,CC-BY-NC-SA ,https://github.com/BritishMuseumDH/caracalla/blob/master/LICENSE.md,,,,Masks,A bust of the Emperor Caracalla
Livia   ,Canon DSLR ,,Daniel Pett  British Museum,,https://github.com/BritishMuseumDH/livia,https://github.com/BritishMuseumDH/livia/tree/master/images,,,,CC-BY-NC-SA ,https://github.com/BritishMuseumDH/livia/blob/master/LICENSE.md,,,,Masks,A scan of a marble head of Livia.
Jericho Skull ,Nikon D5100/ OnePlus3 ,,Daniel Pett  British Museum,,https://github.com/BritishMuseumDH/jerichoSkull,,138,,,CC BY-NC-SA ,,,,,Masks,"A plastered human skull; the skull was taken as the base and the features of the face were modelled on it in plaster. One eye is made from a bivalve shell divided in two. The other has one, smaller, complete shell in place and is missing its twin."
Antinous ,Nikon D5100 ,,Daniel Pett  British Museum,,https://github.com/BritishMuseumDH/antinous,https://github.com/BritishMuseumDH/antinous/tree/master/images,250,,,CC BY-NC-SA ,https://github.com/BritishMuseumDH/antinous/blob/master/LICENSE.md,,,,Masks,Marble portrait head from a statue of Antinous (as Dionysus?) wearing a wreath of ivy. The bust is modern. Height 81.00cm
Germanicus ,,,Daniel Pett  British Museum,,https://github.com/BritishMuseumDH/germanicus,https://github.com/BritishMuseumDH/germanicus/tree/master/images,,,,CC BY-NC-SA ,https://github.com/BritishMuseumDH/germanicus/blob/master/LICENSE.md,,,10.5281/zenodo.847776 ,Masks,
Claudia Olympias ,Nikon D5100 ,,Daniel Pett  British Museum,,https://github.com/BritishMuseumDH/claudiaOlympias,https://github.com/BritishMuseumDH/claudiaOlympias/tree/master/images,138,,,CC BY-NC-SA ,https://github.com/BritishMuseumDH/claudiaOlympias/blob/master/LICENSE.md,,,10.5281/zenodo.321617 ,Masks,
Akkadian brick stamp ,Google Pixel ,,"Tess Sanders, Jennifer Wexler and Terhi Nurmikko-Fuller, British Museum",,https://github.com/BritishMuseumDH/brickstamp,https://github.com/BritishMuseumDH/brickstamp/tree/master/images,88,,,CC-BY-NC-SA ,https://github.com/BritishMuseumDH/brickstamp/blob/master/LICENSE.md,,,10.5281/zenodo.847778 ,Masks,Pottery stamp for bricks; restored; with modern impression; inscribed; 3 ll.
Sheffield Cross ,Sony A6000 ,,"Mary Chester-Kadwell, Daniel Pett, British Museum",,https://github.com/BritishMuseumDH/sheffieldCrossG41,https://github.com/BritishMuseumDH/sheffieldCrossG41/tree/master/images,90,,,CC-BY-NC-SA ,https://github.com/BritishMuseumDH/sheffieldCrossG41/blob/master/LICENSE.md,,,10.5281/zenodo.847782 ,Masks,The Sheffield Cross Shaft is a sandstone Anglo-Saxon cross-shaft dating to the early ninth century AD. The back of the cross-shaft has been hollowed out at a later period.
Cypriot priest ,Nikon D5100 ,,"Daniel Pett, British Museum",,https://github.com/BritishMuseumDH/colossalPriest,https://github.com/BritishMuseumDH/colossalPriest/tree/master/images,213,,,CC-BY-NC-SA ,https://github.com/BritishMuseumDH/colossalPriest/blob/master/LICENSE.md,,,10.5281/zenodo.321539 ,Masks,"Upper part of a colossal limestone statue of a bearded man, a worshipper or possibly a priest. The complete statue, at least 2m tall, depicted a standing figure in a frontal pose; he wears pleated tunic (chiton) and over the left shoulder a cloak (himation) with a zig-zag fold on the border "
Kouros head,Nikon D5100 ,,"Daniel Pett, British Museum",,https://github.com/BritishMuseumDH/kourosHead,https://github.com/BritishMuseumDH/kourosHead/tree/master/images,,,,CC-BY-NC-SA ,https://github.com/BritishMuseumDH/kourosHead/blob/master/LICENSE.md,,,10.5281/zenodo.166543 ,Masks,The model was created by simply walking around the object and taking pictures with a Nikon D5100.
Alcester terminal ,,,"Daniel Pett, British Museum",,https://github.com/BritishMuseumDH/alcesterTerminal,https://github.com/BritishMuseumDH/alcesterTerminal/tree/master/images,,,,CC-BY-NC-SA ,https://github.com/BritishMuseumDH/alcesterTerminal/blob/master/LICENSE.md,,,10.5281/zenodo.883044 ,Masks,
table of Nesptah ,,,"Daniel Pett, British Museum",,https://github.com/BritishMuseumDH/tableOfNesptah,https://github.com/BritishMuseumDH/tableOfNesptah/tree/master/images,,,,CC BY-NC-SA,https://github.com/BritishMuseumDH/tableOfNesptah/blob/master/LICENSE.md,,,10.5281/zenodo.883108 ,Masks,Granodiorite offering-table of Nesptah; Hieroglyphic text. 26th Dynasty Egypt.
Hadrian   ,,,"Daniel Pett, British Museum",,https://github.com/BritishMuseumDH/hadrian,https://github.com/BritishMuseumDH/hadrian/tree/master/images,,,,CC-BY-NC-SA ,https://github.com/BritishMuseumDH/hadrian/blob/master/LICENSE.md,,,10.5281/zenodo.883098 ,Masks,
Denieunkhonsu AncientLives ,,,"Daniel Pett, British Museum",,https://github.com/BritishMuseumDH/stelaDeniuenkhonsu,https://github.com/BritishMuseumDH/stelaDeniuenkhonsu/tree/master/images,,,,CC-BY-NC-SA ,https://github.com/BritishMuseumDH/stelaDeniuenkhonsu/blob/master/LICENSE.md,,,10.5281/zenodo.883112 ,Masks,"Wooden funerary stela of Deniuenkhons: Deniuenkhons wears a long, full wig embellished with a floral fillet, a perfume cone, and lotuses"
Cuneiform tablet: k.4330,Nikon D5100 ,,"Terhi Nurmikko-Fuller (ANU), Daniel Pett, British Museum",,https://github.com/BritishMuseumDH/cuneiformK4330,https://github.com/BritishMuseumDH/cuneiformK4330/tree/master/images,146,,,CC-BY-NC-SA ,https://github.com/BritishMuseumDH/cuneiformK4330/blob/master/LICENSE.md,,,,Masks,"Library of Ashurbanipal: Fragment of a clay tablet, trilingual list, 34 + 29 + 22 lines of inscription. Neo-Assyrian."
Egyptian Sarcophagus ,,,"Daniel Pett, British Museum",,https://github.com/BritishMuseumDH/sarcophagusBathtub,https://github.com/BritishMuseumDH/sarcophagusBathtub/tree/master/images,,,,CC-BY-NC-SA ,https://github.com/BritishMuseumDH/sarcophagusBathtub/blob/master/LICENSE.md,,,,Masks,
Amaravati double sided panel ,,,"Daniel Pett, British Museum",,https://github.com/BritishMuseumDH/amaravatiPanel,https://github.com/BritishMuseumDH/amaravatiPanel/tree/master/images,,,,CC-BY-NC-SA ,https://github.com/BritishMuseumDH/amaravatiPanel/blob/master/LICENSE.md,,,10.5281/zenodo.840851 ,Masks,"Back: Relief of the Bodhi tree and an empty dias with Buddhapada on the step, flying celestials above and kneeling worshippers on each side. Front: Relief depicting a stūpa with a figure of the Buddha standing at the entrance; about the dome of the stūpa flying celestials, some playing instruments. On the dome are relief panels depicting the Gift of Sujātā, the Conversion of Nanda, the First Sermon, the Great Departure, the Birth of the Buddha and Māyā’s Dream. Height: 124.37 centimetres Width: 86.25 centimetres Thickness: 12.5 centimetres 1st Century BC (obverse face) 3rd Century (reverse face)"
limestone capital ,,,"Daniel Pett, British Museum",,https://github.com/BritishMuseumDH/architecturalElement,https://github.com/BritishMuseumDH/architecturalElement/tree/master/images,,,,CC-BY-NC-SA ,https://github.com/BritishMuseumDH/architecturalElement/blob/master/LICENSE.md,,,10.5281/zenodo.885542 ,Masks,"Experimental scan, object in very close proximity to corner of a gallery wall (inches). Will try to improve this with a different camera. Limestone capital from a column, perhaps part of a funeral or votive stele; narrow circular base decorated with mouldings (a flat fillet separating two rounded mouldings above and below, separated by a carinated band: the upper fillet has an incised zig-zag); the stele splays outwards as it rises: two rows of superimposed acanthus leaves, the outer row has rounded tips, the inner row with angular tips; the stele is topped with another set of mouldings, repeating the round and flat patter as on the base; socket in the lower end presumably for attachment to a pillar; traces of red and black paint revealed during cleaning. Height: 54 centimetres Diameter: 29 centimetres (abacus)"
bust of Vespasian ,,,"Daniel Pett, British Museum",,https://github.com/BritishMuseumDH/vespasian,https://github.com/BritishMuseumDH/vespasian/tree/master/images,,,,CC-BY-NC-SA ,https://github.com/BritishMuseumDH/vespasian/blob/master/LICENSE.md,,,10.5281/zenodo.888837 ,Masks,"Head from an over-life-sized marble statue of the emperor Vespasian, perhaps re-carved from a portrait of Nero. The nose is missing."
Mold Gold Cape ,,,"Daniel Pett, British Museum",,https://github.com/BritishMuseumDH/moldGoldCape,https://github.com/BritishMuseumDH/moldGoldCape/tree/master/images,,,,CC-BY-NC-SA ,https://github.com/BritishMuseumDH/moldGoldCape/blob/master/LICENSE.md,,,10.5281/zenodo.344914 ,Masks,"A low resolution, first iteration of modeling the famous Mold Gold Cape. This is very rough internally and around the top edges. It will improve as more effective masking is done and some more photos are added. The cape is too fragile to remove from the internal supporting structure."
statue of Perikles ,Nikon D5100 ,,"Daniel Pett, British Museum",,https://github.com/BritishMuseumDH/perikles,https://github.com/BritishMuseumDH/perikles/tree/master/images,,,,reative Commons By Attribution Share-Alike Non-Commercial license ,https://github.com/BritishMuseumDH/perikles/blob/master/LICENSE.md,,,10.5281/zenodo.164861 ,No,The model was created by simply walking around the object and taking pictures with a Nikon D5100.
Amaravati Maya relief ,,,"Daniel Pett, British Museum",,https://github.com/BritishMuseumDH/amaravatiMayaRelief,https://github.com/BritishMuseumDH/amaravatiMayaRelief/tree/master/images,,,,CC-BY-NC-SA ,https://github.com/BritishMuseumDH/amaravatiMayaRelief/blob/master/LICENSE.md,,,,Masks,A drum slab carved in limestone with the four events related to the Buddha's birth: Māyādevī's Dream (top right); the Interpretation of the Dream attended by the dīkpāla-s (top left); the Birth of the Buddha attended again by the dīkpāla-s (bottom right); the Presentation of the Buddha to the caitya of the Śākyas (bottom left).
Amaravati Guardian Lion ,Sony A6000 ,,"Daniel Pett, British Museum",,https://github.com/BritishMuseumDH/amaravatiGuardianLion,https://github.com/BritishMuseumDH/amaravatiGuardianLion/tree/master/images,297,,,CC-BY-NC-SA ,https://github.com/BritishMuseumDH/amaravatiGuardianLion/blob/master/LICENSE.md,,,,,"A guardian lion carved in limestone (‘Palnad marble’), mounted originally seated upright on the vedika railing at the one of the entrances to the pradakshinapatha. 2nd century BC."
sekhmetEA60,,,"Daniel Pett, British Museum",,https://github.com/BritishMuseumDH/sekhmetEA60,https://github.com/BritishMuseumDH/sekhmetEA60/tree/master/images,,,,CC-BY-NC-SA ,https://github.com/BritishMuseumDH/sekhmetEA60/blob/master/LICENSE.md,,,10.5281/zenodo.1160578 ,Masks,
apothesisHomer,,,"Daniel Pett, British Museum",,https://github.com/BritishMuseumDH/apothesisHomer,https://github.com/BritishMuseumDH/apothesisHomer/tree/master/images,,,,CC-BY-NC-SA ,https://github.com/BritishMuseumDH/apothesisHomer/blob/master/LICENSE.md,,,,Masks,
bronzeAgeBracelets,,,Daniel Pett,,https://github.com/MicroPasts/bronzeAgeBracelets,https://github.com/MicroPasts/bronzeAgeBracelets,,,,?,,,,,Masks,
socketed-axe-version2,,,Daniel Pett and others,,https://github.com/MicroPasts/socketed-axe-version2,https://github.com/MicroPasts/socketed-axe-version2/tree/master/photos,,,,CC-BY ,,,,,Masks,
basaltFigure,,,Daniel Pett,,https://github.com/FitzwilliamMuseum/basaltFigure,https://github.com/FitzwilliamMuseum/basaltFigure/tree/master/images,,,,?,,,,,Masks,
Alexander the Great ,Sony A6000 ,,Daniel Pett,,https://github.com/FitzwilliamMuseum/alexanderTheGreat,https://github.com/FitzwilliamMuseum/alexanderTheGreat/tree/master/images,,,,CC-BY-NC-SA ,https://github.com/FitzwilliamMuseum/alexanderTheGreat/blob/master/LICENSE.md,,,,,
Lancer in the Abu Dhabi Louvre ,Sony A6000 ,,Daniel Pett,,https://github.com/portableant/lancerAbuDhabiLouvre,https://github.com/portableant/lancerAbuDhabiLouvre/tree/master/Images,44,,,CC-BY-NC ,https://github.com/portableant/lancerAbuDhabiLouvre/blob/master/LICENSE.md,,"JPEG, RAW",,Masks,"A lancer from the archer’s frieze, from Darius’s palace at Susa. This frieze panel is made from glazed siliceous bricks and dates to the Achaemenid Empire circa 510 BC."
Seashell,Canon EOS 5D Mark IV ,,Etienne Danvoye edanvoye,,https://github.com/edanvoye/photogrammetry_example_seashell,https://github.com/edanvoye/photogrammetry_example_seashell/tree/master/jpg,,,,Creative Commons Attribution-NonCommercial 4.0 International License.,,,JPG,,No,
Rock scan ,,,,,https://github.com/mkbreuer/Misc-Share-Archiv/tree/master/testing,https://github.com/mkbreuer/Misc-Share-Archiv/tree/master/testing,50,,,Attribution-NonCommercial 4.0 International,https://github.com/mkbreuer/Misc-Share-Archiv,,,,,
Face Capture (male),Canon EOS 100D,,IR-Entertainment Ltd. Triplegangers,Triplegangers,https://www.triplegangers.com/blog/cat/news/post/free-scan-sample/,https://www.triplegangers.com/blog/cat/news/post/free-scan-sample/,22,"0,7",,Creative Commons Attribution-NonCommercial-NoDerivatives 4.0 International License,,,CR2,,,Professional Face Capture “Age44-GaryBarnes_Sample”
Gargoyle,,Demo,"Zhuoliang Kang, Meshrecon ",Meshrecon,http://zhuoliang.me/meshrecon.html,http://zhuoliang.me/meshrecon.html,23,"0,009",,?,,,,,,
Gnome ,,Demo,"Zhuoliang Kang, Meshrecon ",Meshrecon,http://zhuoliang.me/meshrecon.html,http://zhuoliang.me/meshrecon.html,27,"0,007",,?,,,,,,
Squirrel ,,Demo,"Zhuoliang Kang, Meshrecon ",Meshrecon,http://zhuoliang.me/meshrecon.html,http://zhuoliang.me/meshrecon.html,23,"0,007",,?,,,,,,
Woodland Squirrel ,,Demo,"Zhuoliang Kang, Meshrecon ",Meshrecon,http://zhuoliang.me/meshrecon.html,http://zhuoliang.me/meshrecon.html,20,"0,005",,?,,,,,,
Seville,,Building,"Kyle Wilson, Noah Snavely",Cornell,http://www.cs.cornell.edu/projects/disambig/,http://www.cs.cornell.edu/projects/disambig/,,"1,6",,?,,,,,,
Sacre Coer,,Building,"Kyle Wilson, Noah Snavely",Cornell,http://www.cs.cornell.edu/projects/disambig/,http://www.cs.cornell.edu/projects/disambig/,,"3,3",,?,,,,,,
Louvre,,Building,"Kyle Wilson, Noah Snavely",Cornell,http://www.cs.cornell.edu/projects/disambig/,http://www.cs.cornell.edu/projects/disambig/,,"3,5",,?,,,,,,
NotreDame,,Building,"Kyle Wilson, Noah Snavely",Cornell,http://www.cs.cornell.edu/projects/disambig/,http://www.cs.cornell.edu/projects/disambig/,,8,,?,,,,,,
arbre,,,,MicMac,https://micmac.ensg.eu/index.php/Accueil,https://micmac.ensg.eu/data/,,,,,,,,,,
chambord_tower_dataset,,,,MicMac,https://micmac.ensg.eu/index.php/Accueil,https://micmac.ensg.eu/data/,,,,,,,,,,
concrete_dataset,,,,MicMac,https://micmac.ensg.eu/index.php/Accueil,https://micmac.ensg.eu/data/,,,,,,,,,,
cuxa_dataset,,,,MicMac,https://micmac.ensg.eu/index.php/Accueil,https://micmac.ensg.eu/data/,,,,,,,,,,
demoscanned_dataset,,,,MicMac,https://micmac.ensg.eu/index.php/Accueil,https://micmac.ensg.eu/data/,,,,,,,,,,
guyla_earthquake_dataset,,,,MicMac,https://micmac.ensg.eu/index.php/Accueil,https://micmac.ensg.eu/data/,,,,,,,,,,
mars_dataset.zipmtblanc,,,,MicMac,https://micmac.ensg.eu/index.php/Accueil,https://micmac.ensg.eu/data/,,,,,,,,,,
mur_saint_martin_dataset,,,,MicMac,https://micmac.ensg.eu/index.php/Accueil,https://micmac.ensg.eu/data/,,,,,,,,,,
ramses_dataset.zipsaintcloud,,,,MicMac,https://micmac.ensg.eu/index.php/Accueil,https://micmac.ensg.eu/data/,,,,,,,,,,
saint_michel_de_cuxa_dataset,,,,MicMac,https://micmac.ensg.eu/index.php/Accueil,https://micmac.ensg.eu/data/,,,,,,,,,,
street_saint_martin_dataset,,,,MicMac,https://micmac.ensg.eu/index.php/Accueil,https://micmac.ensg.eu/data/,,,,,,,,,,
tortue_hue_dataset,,,,MicMac,https://micmac.ensg.eu/index.php/Accueil,https://micmac.ensg.eu/data/,,,,,,,,,,
viabon_dataset,,,,MicMac,https://micmac.ensg.eu/index.php/Accueil,https://micmac.ensg.eu/data/,,,,,,,,,,
vincennes_dataset,,,,MicMac,https://micmac.ensg.eu/index.php/Accueil,https://micmac.ensg.eu/data/,,,,,,,,,,
boudha_dataset-2,,,,MicMac,https://micmac.ensg.eu/index.php/Accueil,https://micmac.ensg.eu/data/,,,,,,,,,,
fontaine_dataset,,,,MicMac,https://micmac.ensg.eu/index.php/Accueil,https://micmac.ensg.eu/data/,,,,,,,,,,
gravillons_dataset,,,,MicMac,https://micmac.ensg.eu/index.php/Accueil,https://micmac.ensg.eu/data/,,,,,,,,,,
pierrerue_dataset,,,,MicMac,https://micmac.ensg.eu/index.php/Accueil,https://micmac.ensg.eu/data/,,,,,,,,,,
uas_grand_leez_dataset,,,,MicMac,https://micmac.ensg.eu/index.php/Accueil,https://micmac.ensg.eu/data/,,,,,,,,,,
zhenjue_dataset,,,,MicMac,https://micmac.ensg.eu/index.php/Accueil,https://micmac.ensg.eu/data/,,,,,,,,,,
Kermit Dataset ,,,Technische Universität Darmstadt ,MVE,https://www.gcc.tu-darmstadt.de/home/proj/mve/,,11,"0,006",,,,,,,,
Achteck-Turm ,,,Technische Universität Darmstadt ,MVE,https://www.gcc.tu-darmstadt.de/home/proj/mve/,,36,"0,083",,,,,,,,
Der Hass ,,,Technische Universität Darmstadt ,MVE,https://www.gcc.tu-darmstadt.de/home/proj/mve/,,79,"0,062",,,,,,,,
Citywall ,,,Technische Universität Darmstadt ,MVE,https://www.gcc.tu-darmstadt.de/home/proj/mve/,,564,"0,376",,,,,,,,
Reader Dataset ,,,Technische Universität Darmstadt ,MVE,https://www.gcc.tu-darmstadt.de/home/proj/mve/,,539,"1,3",,,,,,,,
Gymnopleurus ignitus ,Canon 6D 70mm F2.8 EX DG Macro ?,Insects,"Joachim Willers, Museum für Naturkunde Berlin",Museum für Naturkunde Berlin ,http://www.zoosphere.net,http://www.zoosphere.net/sequence/141/Gymnopleurus/ignitus,120,,,Creative Commons Zero (CC0),http://creativecommons.org/publicdomain/zero/1.0/deed.en,,JPG,,No,
Gymnopleurus krugeri ,Canon 6D 70mm F2.8 EX DG Macro ?,Insects,"Joachim Willers, Museum für Naturkunde Berlin",Museum für Naturkunde Berlin ,http://www.zoosphere.net,http://www.zoosphere.net/sequence/142/Gymnopleurus/krugeri,120,,,Creative Commons Zero (CC0),http://creativecommons.org/publicdomain/zero/1.0/deed.en,,JPG,,No,
Gymnopleurus virens ,Canon 6D 70mm F2.8 EX DG Macro ?,Insects,"Joachim Willers, Museum für Naturkunde Berlin",Museum für Naturkunde Berlin ,http://www.zoosphere.net,http://www.zoosphere.net/sequence/143/Gymnopleurus/virens,,,,Creative Commons Zero (CC0),http://creativecommons.org/publicdomain/zero/1.0/deed.en,,JPG,,No,
Gymnopleurus sericeifrons ,Canon 6D 70mm F2.8 EX DG Macro ?,Insects,"Joachim Willers, Museum für Naturkunde Berlin",Museum für Naturkunde Berlin ,http://www.zoosphere.net,http://www.zoosphere.net/sequence/144/Gymnopleurus/sericeifrons,,,,Creative Commons Zero (CC0),http://creativecommons.org/publicdomain/zero/1.0/deed.en,,JPG,,No,
Gymnopleurus sericeifrons ,Canon 6D 70mm F2.8 EX DG Macro ?,Insects,"Joachim Willers, Museum für Naturkunde Berlin",Museum für Naturkunde Berlin ,http://www.zoosphere.net,http://www.zoosphere.net/sequence/147/Gymnopleurus/sericeifrons,,,,Creative Commons Zero (CC0),http://creativecommons.org/publicdomain/zero/1.0/deed.en,,JPG,,No,
Gymnopleurus sericeifrons ,Canon 6D 70mm F2.8 EX DG Macro ?,Insects,"Joachim Willers, Museum für Naturkunde Berlin",Museum für Naturkunde Berlin ,http://www.zoosphere.net,http://www.zoosphere.net/sequence/146/Gymnopleurus/sericeifrons,,,,Creative Commons Zero (CC0),http://creativecommons.org/publicdomain/zero/1.0/deed.en,,JPG,,No,
Indeterminate ,Canon 6D 70mm F2.8 EX DG Macro ?,Insects,"Joachim Willers, Museum für Naturkunde Berlin",Museum für Naturkunde Berlin ,http://www.zoosphere.net,http://www.zoosphere.net/sequence/145/Indeterminate/Indeterminate,,,,Creative Commons Zero (CC0),http://creativecommons.org/publicdomain/zero/1.0/deed.en,,JPG,,No,
Acanthopleura goedli ,Canon 6D 70mm F2.8 EX DG Macro ?,Insects,"Joachim Willers, Museum für Naturkunde Berlin",Museum für Naturkunde Berlin ,http://www.zoosphere.net,http://www.zoosphere.net/sequence/150/Acanthopleura/goedli,,,,Creative Commons Zero (CC0),http://creativecommons.org/publicdomain/zero/1.0/deed.en,,JPG,,No,
Acanthopleura ravus ,Canon 6D 70mm F2.8 EX DG Macro ?,Insects,"Joachim Willers, Museum für Naturkunde Berlin",Museum für Naturkunde Berlin ,http://www.zoosphere.net,http://www.zoosphere.net/sequence/151/Acanthopleura/ravus,,,,Creative Commons Zero (CC0),http://creativecommons.org/publicdomain/zero/1.0/deed.en,,JPG,,No,
Indeterminate ,Canon 6D 70mm F2.8 EX DG Macro ?,Insects,"Joachim Willers, Museum für Naturkunde Berlin",Museum für Naturkunde Berlin ,http://www.zoosphere.net,http://www.zoosphere.net/sequence/152/Indeterminate/Indeterminate,,,,Creative Commons Zero (CC0),http://creativecommons.org/publicdomain/zero/1.0/deed.en,,JPG,,No,
Indeterminate ,Canon 6D 70mm F2.8 EX DG Macro ?,Insects,"Joachim Willers, Museum für Naturkunde Berlin",Museum für Naturkunde Berlin ,http://www.zoosphere.net,http://www.zoosphere.net/sequence/153/Indeterminate/Indeterminate,64,,,Creative Commons Zero (CC0),http://creativecommons.org/publicdomain/zero/1.0/deed.en,,JPG,,No,
Indeterminate ,Canon 6D 70mm F2.8 EX DG Macro ?,Insects,"Joachim Willers, Museum für Naturkunde Berlin",Museum für Naturkunde Berlin ,http://www.zoosphere.net,http://www.zoosphere.net/sequence/155/Indeterminate/Indeterminate,48,,,Creative Commons Zero (CC0),http://creativecommons.org/publicdomain/zero/1.0/deed.en,,JPG,,No,
Cephalochrysis ehrenbergi ,Canon 6D 70mm F2.8 EX DG Macro ?,Insects,"Joachim Willers, Museum für Naturkunde Berlin",Museum für Naturkunde Berlin ,http://www.zoosphere.net,http://www.zoosphere.net/sequence/128/Cephalochrysis/ehrenbergi,360,,,Creative Commons Zero (CC0),http://creativecommons.org/publicdomain/zero/1.0/deed.en,,JPG,,No,
Garreta azureus,Canon 6D 70mm F2.8 EX DG Macro ?,Insects,"Joachim Willers, Museum für Naturkunde Berlin",Museum für Naturkunde Berlin ,http://www.zoosphere.net,http://www.zoosphere.net/sequence/129/Garreta/azureus,120,,,Creative Commons Zero (CC0),http://creativecommons.org/publicdomain/zero/1.0/deed.en,,JPG,,No,
Gymnopleurus splendens,Canon 6D 70mm F2.8 EX DG Macro ?,Insects,"Joachim Willers, Museum für Naturkunde Berlin",Museum für Naturkunde Berlin ,http://www.zoosphere.net,http://www.zoosphere.net/sequence/130/Gymnopleurus/splendens,120,,,Creative Commons Zero (CC0),http://creativecommons.org/publicdomain/zero/1.0/deed.en,,JPG,,No,
Garreta azureus ,Canon 6D 70mm F2.8 EX DG Macro ?,Insects,"Joachim Willers, Museum für Naturkunde Berlin",Museum für Naturkunde Berlin ,http://www.zoosphere.net,http://www.zoosphere.net/sequence/132/Garreta/azureus,120,,,Creative Commons Zero (CC0),http://creativecommons.org/publicdomain/zero/1.0/deed.en,,JPG,,No,
Indeterminate ,Canon 6D 70mm F2.8 EX DG Macro ?,Insects,"Joachim Willers, Museum für Naturkunde Berlin",Museum für Naturkunde Berlin ,http://www.zoosphere.net,http://www.zoosphere.net/sequence/136/Indeterminate/Indeterminate,120,,,Creative Commons Zero (CC0),http://creativecommons.org/publicdomain/zero/1.0/deed.en,,JPG,,No,
Indeterminate ,Canon 6D 70mm F2.8 EX DG Macro ?,Insects,"Joachim Willers, Museum für Naturkunde Berlin",Museum für Naturkunde Berlin ,http://www.zoosphere.net,http://www.zoosphere.net/sequence/135/Indeterminate/Indeterminate,120,,,Creative Commons Zero (CC0),http://creativecommons.org/publicdomain/zero/1.0/deed.en,,JPG,,No,
Indeterminate ,Canon 6D 70mm F2.8 EX DG Macro ?,Insects,"Joachim Willers, Museum für Naturkunde Berlin",Museum für Naturkunde Berlin ,http://www.zoosphere.net,http://www.zoosphere.net/sequence/134/Indeterminate/Indeterminate,120,,,Creative Commons Zero (CC0),http://creativecommons.org/publicdomain/zero/1.0/deed.en,,JPG,,No,
Indeterminate ,Canon 6D 70mm F2.8 EX DG Macro ?,Insects,"Joachim Willers, Museum für Naturkunde Berlin",Museum für Naturkunde Berlin ,http://www.zoosphere.net,http://www.zoosphere.net/sequence/133/Indeterminate/Indeterminate,120,,,Creative Commons Zero (CC0),http://creativecommons.org/publicdomain/zero/1.0/deed.en,,JPG,,No,
Doryctes pomarius ,Canon 6D 70mm F2.8 EX DG Macro ?,Insects,"Joachim Willers, Museum für Naturkunde Berlin",Museum für Naturkunde Berlin ,http://www.zoosphere.net,http://www.zoosphere.net/sequence/137/Doryctes/pomarius,120,,,Creative Commons Zero (CC0),http://creativecommons.org/publicdomain/zero/1.0/deed.en,,JPG,,No,
Doryctes fulviceps ,Canon 6D 70mm F2.8 EX DG Macro ?,Insects,"Joachim Willers, Museum für Naturkunde Berlin",Museum für Naturkunde Berlin ,http://www.zoosphere.net,http://www.zoosphere.net/sequence/138/Doryctes/fulviceps,120,,,Creative Commons Zero (CC0),http://creativecommons.org/publicdomain/zero/1.0/deed.en,,JPG,,No,
Doryctes deuticoxa ,Canon 6D 70mm F2.8 EX DG Macro ?,Insects,"Joachim Willers, Museum für Naturkunde Berlin",Museum für Naturkunde Berlin ,http://www.zoosphere.net,http://www.zoosphere.net/sequence/139/Doryctes/deuticoxa,120,,,Creative Commons Zero (CC0),http://creativecommons.org/publicdomain/zero/1.0/deed.en,,JPG,,No,
Gymnopleurus laeviusculus ,Canon 6D 70mm F2.8 EX DG Macro ?,Insects,"Joachim Willers, Museum für Naturkunde Berlin",Museum für Naturkunde Berlin ,http://www.zoosphere.net,http://www.zoosphere.net/sequence/140/Gymnopleurus/laeviusculus,120,,,Creative Commons Zero (CC0),http://creativecommons.org/publicdomain/zero/1.0/deed.en,,JPG,,No,
Pancala gemmata var. viridescens ,Canon 6D 70mm F2.8 EX DG Macro ?,Insects,"Joachim Willers, Museum für Naturkunde Berlin",Museum für Naturkunde Berlin ,http://www.zoosphere.net,http://www.zoosphere.net/sequence/113/Pancala/gemmata%20var.%20viridescens,100,,,Creative Commons Zero (CC0),http://creativecommons.org/publicdomain/zero/1.0/deed.en,,JPG,,No,
Chrysis marqueti ,Canon 6D 70mm F2.8 EX DG Macro ?,Insects,"Joachim Willers, Museum für Naturkunde Berlin",Museum für Naturkunde Berlin ,http://www.zoosphere.net,http://www.zoosphere.net/sequence/116/Chrysis/marqueti,100,,,Creative Commons Zero (CC0),http://creativecommons.org/publicdomain/zero/1.0/deed.en,,JPG,,No,
Chrysis marqueti ,Canon 6D 70mm F2.8 EX DG Macro ?,Insects,"Joachim Willers, Museum für Naturkunde Berlin",Museum für Naturkunde Berlin ,http://www.zoosphere.net,http://www.zoosphere.net/sequence/115/Chrysis/marqueti,100,,,Creative Commons Zero (CC0),http://creativecommons.org/publicdomain/zero/1.0/deed.en,,JPG,,No,
Zethus indicus ,Canon 6D 70mm F2.8 EX DG Macro ?,Insects,"Joachim Willers, Museum für Naturkunde Berlin",Museum für Naturkunde Berlin ,http://www.zoosphere.net,http://www.zoosphere.net/sequence/119/Zethus/indicus,120,,,Creative Commons Zero (CC0),http://creativecommons.org/publicdomain/zero/1.0/deed.en,,JPG,,No,
Garreta azureus ,Canon 6D 70mm F2.8 EX DG Macro ?,Insects,"Joachim Willers, Museum für Naturkunde Berlin",Museum für Naturkunde Berlin ,http://www.zoosphere.net,http://www.zoosphere.net/sequence/125/Garreta/azureus,120,,,Creative Commons Zero (CC0),http://creativecommons.org/publicdomain/zero/1.0/deed.en,,JPG,,No,
Garreta azureus ,Canon 6D 70mm F2.8 EX DG Macro ?,Insects,"Joachim Willers, Museum für Naturkunde Berlin",Museum für Naturkunde Berlin ,http://www.zoosphere.net,http://www.zoosphere.net/sequence/126/Garreta/azureus,120,,,Creative Commons Zero (CC0),http://creativecommons.org/publicdomain/zero/1.0/deed.en,,JPG,,No,
 Garreta azureus,Canon 6D 70mm F2.8 EX DG Macro ?,Insects,"Joachim Willers, Museum für Naturkunde Berlin",Museum für Naturkunde Berlin ,http://www.zoosphere.net,http://www.zoosphere.net/sequence/127/Garreta/azureus,120,,,Creative Commons Zero (CC0),http://creativecommons.org/publicdomain/zero/1.0/deed.en,,JPG,,No,
Paraponera clavata ,Canon 6D 70mm F2.8 EX DG Macro ?,Insects,"Joachim Willers, Museum für Naturkunde Berlin",Museum für Naturkunde Berlin ,http://www.zoosphere.net,http://www.zoosphere.net/sequence/100/Paraponera/clavata,120,,,Creative Commons Zero (CC0),http://creativecommons.org/publicdomain/zero/1.0/deed.en,,JPG,,No,
Canthon auricollis ,Canon 6D 70mm F2.8 EX DG Macro ?,Insects,"Joachim Willers, Museum für Naturkunde Berlin",Museum für Naturkunde Berlin ,http://www.zoosphere.net,http://www.zoosphere.net/sequence/79/Canthon/auricollis,10,,,Creative Commons Zero (CC0),http://creativecommons.org/publicdomain/zero/1.0/deed.en,,JPG,,No,
Onthophagus elegans ,Canon 6D 70mm F2.8 EX DG Macro ?,Insects,"Joachim Willers, Museum für Naturkunde Berlin",Museum für Naturkunde Berlin ,http://www.zoosphere.net,http://www.zoosphere.net/sequence/63/Onthophagus/elegans,144,,,Creative Commons Zero (CC0),http://creativecommons.org/publicdomain/zero/1.0/deed.en,,JPG,,No,
Polyommatus spec ,Canon 6D 70mm F2.8 EX DG Macro ?,Insects,"Joachim Willers, Museum für Naturkunde Berlin",Museum für Naturkunde Berlin ,http://www.zoosphere.net,http://www.zoosphere.net/sequence/9/Polyommatus/spec,150,,,Creative Commons Zero (CC0),http://creativecommons.org/publicdomain/zero/1.0/deed.en,,JPG,,No,
Mana Beach ,,,,,http://www.realityvirtual.co/,http://www.realityvirtual.co/data_set_mana_beach,,50,,Creative Commons Attribution-NonCommercial (CC BY-NC),https://creativecommons.org/licenses/by-nc/4.0/legalcode,,?,,,A combo of ground and drone footage makes up this 50gig scan. 
Wallace Homestead,,,,,http://www.realityvirtual.co/,http://www.realityvirtual.co/data_set_wallace,,50,,Creative Commons Attribution-NonCommercial (CC BY-NC),https://creativecommons.org/licenses/by-nc/4.0/legalcode,,?,,,"50 gig interior dataset at the Pah Homestead, home of the Sir James Wallace  "
St Mathews Cathederal ,,,,,http://www.realityvirtual.co/,http://www.realityvirtual.co/data_set_st_mat,7500,250,,Creative Commons Attribution-NonCommercial (CC BY-NC),https://creativecommons.org/licenses/by-nc/4.0/legalcode,,?,,,including interior drone footage. 
Crystal Palace Projection Booth ,,,,,http://www.realityvirtual.co/,,,50,,Creative Commons Attribution-NonCommercial (CC BY-NC),https://creativecommons.org/licenses/by-nc/4.0/legalcode,,?,,,"50 gig data set of a historic projection booth in @ the Crystal Palace in Auckland, New Zealand. "
60 scenes ,,,,Technical University of Denmark (DTU).,http://roboimagedata.compute.dtu.dk/?page_id=24,,135660,500,,?,?,,,,,"The data set consists of 60 scenes acquired from 119 positions, and from each position the scene is illuminated by 19 white LED’s "
Doll,,Object,,Agisoft,https://www.agisoft.com/downloads/sample-data/,,,61,,,,,,,,
Monument ,,Building,,Agisoft,https://www.agisoft.com/downloads/sample-data/,,,32,,,,,,,,
Spherical panorama ,,,,Agisoft,https://www.agisoft.com/downloads/sample-data/,,,73,,,,,,,,
Shoe Coded targets,,Object,,Agisoft,https://www.agisoft.com/downloads/sample-data/,,,6,,,,,,,,
Building,,Building,,Agisoft,https://www.agisoft.com/downloads/sample-data/,,,50,,,,,,,,
Dante statue in Piazza dei Signori in Verona ,,,,"Zephyr, Picelli-Tacconi studio",https://www.3dflow.net/3df-zephyr-reconstruction-showcase/,,,102,,,,,,,,Dataset courtesy of Picelli-Tacconi studio 
Duomo of Pisa Dataset,,,,"Zephyr, courtesy of Visual Computing Lab ",https://www.3dflow.net/3df-zephyr-reconstruction-showcase/,,,,,,,,,,,Duomo of Pisa Dataset courtesy of Visual Computing Lab 
Cherub Statue ,,,,,https://www.3dflow.net/3df-zephyr-reconstruction-showcase/,,,,,,,,,,,
body scan Dataset ,,,,,https://www.3dflow.net/3df-zephyr-reconstruction-showcase/,,,,,,,,,,,Raspberry Pi body scan Dataset courtesy of pi3dscan 
Enzo Ferrari,,,,,https://www.3dflow.net/3df-zephyr-reconstruction-showcase/,,,,,,,,,,,"Aerial survey ""Enzo Ferrari"" dept. of the Università di studi di Modena e Reggio Emilia"
Silhouette,,,,,https://www.3dflow.net/3df-zephyr-reconstruction-showcase/,,,,,,,,,,,Shape from Silhouette
Skeleton excavation,,,,,https://www.3dflow.net/3df-zephyr-reconstruction-showcase/,,,,,,,,,,,Skeleton excavation Civic Museum of Rovereto.
HESPER shipwreck,,,,,https://www.3dflow.net/3df-zephyr-reconstruction-showcase/,,,,,,,,,,,"HESPER shipwreck orthophoto Dataset courtesy of Jerry Eliason, Great Lakes Shipwreck Preservation Society"
Zeche Zollern UAV,,,,,https://www.3dflow.net/3df-zephyr-reconstruction-showcase/,,,,,,,,,,,"Zeche Zollern UAV datasets by ISPRS and EuroSDR, released in conjuction with the ISPRS scientific initiative 2014 and 2015, lead by ISPRS ICWG I/Vb"
Family,,,,,https://www.tanksandtemples.org/download/ ,,,,,,,,,,,
Francis,,,,,https://www.tanksandtemples.org/download/ ,,,,,,,,,,,
Horse,,,,,https://www.tanksandtemples.org/download/ ,,,,,,,,,,,
Lighthouse,,,,,https://www.tanksandtemples.org/download/ ,,,,,,,,,,,
M60,,,,,https://www.tanksandtemples.org/download/ ,,,,,,,,,,,
Panther,,,,,https://www.tanksandtemples.org/download/ ,,,,,,,,,,,
Playground,,,,,https://www.tanksandtemples.org/download/ ,,,,,,,,,,,
Train,,,,,https://www.tanksandtemples.org/download/ ,,,,,,,,,,,
Auditorium,,,,,https://www.tanksandtemples.org/download/ ,,,,,,,,,,,
Ballroom,,,,,https://www.tanksandtemples.org/download/ ,,,,,,,,,,,
Courtroom,,,,,https://www.tanksandtemples.org/download/ ,,,,,,,,,,,
Museum,,,,,https://www.tanksandtemples.org/download/ ,,,,,,,,,,,
Palace,,,,,https://www.tanksandtemples.org/download/ ,,,,,,,,,,,
Temple,,,,,https://www.tanksandtemples.org/download/ ,,,,,,,,,,,
Barn,,,,,https://www.tanksandtemples.org/download/ ,,,,,,,,,,,
Caterpillar,,,,,https://www.tanksandtemples.org/download/ ,,,,,,,,,,,
Church,,,,,https://www.tanksandtemples.org/download/ ,,,,,,,,,,,
Courthouse,,,,,https://www.tanksandtemples.org/download/ ,,,"1,1",,,,,,,,
Ignatius,,,,,https://www.tanksandtemples.org/download/ ,,,"0,435",,,,,,,,
Meeting room,,,,,https://www.tanksandtemples.org/download/ ,,,"0,397",,,,,,,,
Truck,,,,,https://www.tanksandtemples.org/download/ ,,,"0,363",,,,,,,,
Room Synthetic 3d Dataset,,,,Imperial College London,https://www.doc.ic.ac.uk/~ahanda/VaFRIC/iclnuim.html,,,4,,,,,,,,Living room has 3D surface ground truth together with the depth-maps as well as camera poses and as a result pefectly suits not just for bechmarking camera trajectory but also reconstruction 
Living Room 1 ,,,,,http://redwood-data.org/indoor/dataset.html,,,"0,24",,,,,,,,synthetic models of indoor scenes 
Living Room 2 ,,,,,http://redwood-data.org/indoor/dataset.html,,,"0,19",,,,,,,,synthetic models of indoor scenes 
Office 1 ,,,,,http://redwood-data.org/indoor/dataset.html,,,"0,238",,,,,,,,synthetic models of indoor scenes 
Office 2 ,,,,,http://redwood-data.org/indoor/dataset.html,,,"0,232",,,,,,,,synthetic models of indoor scenes 
Temple of the Dioskouroi,,,,,http://vision.middlebury.edu/mview/data/,,77,,Yes,,,,,,,
Dino,,,,,http://vision.middlebury.edu/mview/data/,,,,,,,,,,,
ET,,,Bundler,,https://github.com/snavely/bundler_sfm/tree/master/examples,https://github.com/snavely/bundler_sfm/tree/master/examples/ET,9,,,,,,,,,
Kermit,,,Bundler,,https://github.com/snavely/bundler_sfm/tree/master/examples,https://github.com/snavely/bundler_sfm/tree/master/examples/kermit,11,,,,,,,,,
Drone-based photogrammetric survey raw data,,,"Unnithan, Vikram Jacobs University Bremen ; Rossi. Angelo Pio; Jaehrig, Tim",,https://zenodo.org/record/1095400,,230,"1,3",,Creative Commons Attribution 4.0 International,http://creativecommons.org/licenses/by/4.0/legalcode,,,,,Drone-based photogrammetric survey data from ESA PANGAEA-X 2017 planetary analogue campaign 
Time lapse imagery at Finse,,," Filhol, Simon; Perret, Alexis; Girod, Luc; Schuler, Thomas V.; Burkhart, John F.",,https://zenodo.org/record/1745680,,,,,MIT License,http://www.opensource.org/licenses/MIT,,,,,"Time lapse imagery at Finse, Norway, during snowmelt season 2018"
Crocodile tracks and trackways,,,"Falkingham, Peter L.Liverpool John Moores University; Milan, Jesper",,https://zenodo.org/record/31711,,,,,,,,,,,"Alligator sinensis | (Chinese Alligator) | 15-20 kg, 160 cm Caiman crocodylus | (Spectacled caiman) | 12 kg, 130 cm Caiman latirostris | (Broad-nosed caiman) | 13 kg, 135 cm (pregnant) Caiman latirostris II | (Broad-nosed caiman) | 1.5 kg, 70 cm Crocodylus cataphractus | (Slender-snouted crocodile) | 7 kg, 149 cm Crocodylus johnsoni | (Fresh water crocodile) | 5 kg, 112 cm Crocodylus johnsoni II | (Fresh water crocodile) | 25 kg, 90 cm Crocodylus novaeguineae | (New Guinea crocodile) | 15 kg, 175 cm Crocodylus rhombifer | (Cuban crocodile) | 2 kg, 80 cm Crocodylus siamensis | (Siamese crocodile) | 10 kg, 140 cm Gavialis gagesticus | (Gharial) | 40 kg, 225 cm Osteolaemus tatraspis | (Dwarf crocodile) | 2 kg, 79 cm Paleosuchus palpebrosus | (Dwarf caiman) | 15 kg, 140 cm Paleosuchus palpebrosus II | (Dwarf caiman) | 0.5 kg, 50 cm Tomistoma schlegelii (1x Manus, 2 x Pes) | (False gharial) | 270 cm "
Gornergletscher - Swiss Alps,,, Benoit Lionel University of Lausanne ; G. Aurélie; V. Raphaël; I. Inigo; G. Mathieu; L. Benjamin; P. Gunther; G. Dominik; H. Frederic; M. Gregoire,,https://zenodo.org/record/2630456,,,,,Creative Commons Attribution 4.0 International,http://creativecommons.org/licenses/by/4.0/legalcode,,,,,A high-frequency and high-resolution image time series of the Gornergletscher - Swiss Alps - derived from repeated UAV surveys
Dalibor Castle in Prague and a model figure of a werewolf ,,,,,https://zenodo.org/record/1458271,,,,,Creative Commons Attribution Share Alike 4.0 International,http://creativecommons.org/licenses/by-sa/4.0/legalcode,,,,,"Two datasets for the investigation of multi-body problems in 3D reconstruction, showing a model of the Dalibor Castle in Prague and a model figure of a werewolf respectively. The objects are well-textured and moving in a well-textured space."
sofa corner ,,,,,https://zenodo.org/record/2553399,,,"0,3",Yes,,,,,,,This data set provides photographs and a continuous LIDAR scan (using the Velodyne VLP-16) of a sofa corner at Simula Research Laboratory that were created for the BUISAR project funded by the researcher council of Norway (project number 270951). A  3D reconstruction of the sofa corner was created using Meshroom (http://github.com/alicevision/meshroom) with support from the LADIO project. 
Stockholm ,,,,,https://zenodo.org/record/1434828,,,"0,3",Yes,,,,MOV,,,Shots against reflective building with lidar. Other kinds of movie-like shots to test reconstruction algorithms.
Oslo Plaza ,,,"Vrba, Stian Z.Quine AS; Skarseth, Kristian; Groven, Gunleik",,https://zenodo.org/record/1434808,,,"0,3",Yes,Creative Commons Attribution 4.0 International,http://creativecommons.org/licenses/by/4.0/legalcode,,MOV,,,"Data set for reconstruction from Oslo Plaza. Reflective surfaces, erratic camera movements. Includes shots with Theta 360 camera "
AvignonHotelDesMonnaies,Canon EOS 5D Mark II,Building,Romuald Perrot rperrot,,https://github.com/rperrot/ReconstructionDataSet,https://github.com/rperrot/ReconstructionDataSet/tree/master/AvignonHotelDesMonnaies,11,"0,176",no,Attribution-NonCommercial 3.0 Unported,https://github.com/rperrot/ReconstructionDataSet/blob/master/LICENSE,https://github.com/rperrot/ReconstructionDataSet/blob/master/AvignonHotelDesMonnaies/DPP_0001.JPG,JPG,,,Hotel des Monnaies facade building in Avignon (France)
,,,,,,,,,,,,,,,,
Bimaristan Nur al-Din Photogrammetry Dataset ,,Heritage,Directorate-General of Antiquities and Museums (Syria),Data collected under the auspices of the Directorate-General of Antiquities and Museums Syria ,https://dataverse.scholarsportal.info/dataset.xhtml?persistentId=doi:10.5683/SP2/RH85N5,https://dataverse.scholarsportal.info/dataset.xhtml?persistentId=doi:10.5683/SP2/RH85N5,,16,"no, but maps",?,?,?,CR2,10.5683/SP2/RH85N5 ,no,"The Bimaristan Nur al-Din (large medieval bimaristan (""hospital"") in Damascus, Syria)  Photogrammetry Dataset includes scan maps and Raw scans compressed in RAR format. * Note: All 'CR2_part#' must be downloaded and saved in order for complete inventory of photos to open. (2018-08-01) "
Hammam Nur al-Din Photogrammetry Dataset ,,Heritage,Directorate-General of Antiquities and Museums (Syria) ,Data collected under the auspices of the Directorate-General of Antiquities and Museums Syria ,https://dataverse.scholarsportal.info/dataset.xhtml?persistentId=doi:10.5683/SP2/K4W50L,https://dataverse.scholarsportal.info/dataset.xhtml?persistentId=doi:10.5683/SP2/K4W50L,,19,"no, but maps",?,?,?,CR2,10.5683/SP2/K4W50L ,no,The Hammam Nur al-Din Photogrammetry Dataset includes scan maps and Raw scans compressed in RAR format. * Note: All 'CR2_part#' must be downloaded and saved in order for complete inventory of photos open. (2018-08-01) 
Avenches (France) data set ,,Aerial,,,https://www.isprs.org/data/avenches/default.aspx,https://www.isprs.org/data/avenches/TAR/dataset.tar.gz,,"0,085",,,,https://www.isprs.org/data/avenches/images/5873_1b.gif,,,,"High resolution, large-scale colour aerial images RGB images, image scale 1:5,000, images scanned with a geometrically precise photogrammetric scanner with 15 microns pixel size. Four images, forming a 2 x 2 block, with 60% forward and sidewards overlap were used. To reduce the amount of data only two image subsets (an industrial and a residential area) will be distributed. These areas are 1800 x 1800 pixels and are imaged in all 4 aerial images."
Industrial Estate,,Aerial,sensefly,sensefly,https://www.sensefly.com/education/datasets/,https://www.sensefly.com/education/datasets/?dataset=6069,277,,,,,,,,,This dataset of a light industrial estate in Switzerland was collected by an eBee X fixed-wing drone carrying a senseFly Duet T thermal mapping camera. The images were processed using Pix4D software. The point cloud and DSM outputs are based on the camera's RGB images. The thermal data meanwhile were projected to generate the thermal 3D mesh and temperature index map. 277 RGB + 277 thermal images
Mixed-Use Fields,MicaSense RedEdge-MX multispectral camera,Aerial,sensefly,sensefly,https://www.sensefly.com/education/datasets/,https://www.sensefly.com/education/datasets/?dataset=5632,12740,,,,,,,,,"This dataset of mixed-use agricultural fields was collected in Assens, Switzerland during winter 2018/2019. The 220 ha (544ac) site was mapped with a single 75-minute senseFly eBee X drone flight (with the platform's Endurance Extension activated) and the drone was carrying a MicaSense RedEdge-MX multispectral camera. "
Thammasat University campus in Bangkok,senseFly Aeria X ,Aerial,sensefly,sensefly,https://www.sensefly.com/education/datasets/,https://www.sensefly.com/education/datasets/?dataset=5580,443,,,,,https://www.sensefly.com/app/uploads/2019/02/thamasat.jpg,,,,"This dataset of Thammasat University campus in Bangkok, Thailand was collected by a senseFly eBee X drone carrying a senseFly Aeria X photogrammetry camera. "
Gravel Quarry,,Aerial,sensefly,sensefly,https://www.sensefly.com/education/datasets/,https://www.sensefly.com/education/datasets/?dataset=5577,136,,,,,,,,,"This gravel quarry in Johnson, Vermont (USA) was surveyed with an eBee X drone carrying a senseFly Aeria X camera. The flight height was planned at 122 m (400ft) AED at an estimated GSD of 2.54cm/pix (1 inch). However, because of the depth of the quarry, the final GSD was 3.59 cm (1.41 in)/pixel."
Wheat Field,,Aerial,sensefly,sensefly,https://www.sensefly.com/education/datasets/,https://www.sensefly.com/education/datasets/?dataset=5538,1788,,,,,https://www.sensefly.com/app/uploads/2019/02/NDVI-screen.jpg,,,,"This wheat field in Rostock, Germany was mapped using an eBee SQ agriculture drone, which carries a Parrot Sequoia+ camera. The flight's multispectral images were processed to create the NDVI and cloud dataset below using Pix4Dfields software. This dataset is courtesy of Pix4D."
Dam Inspection,,Aerial,sensefly,sensefly,https://www.sensefly.com/education/datasets/,https://www.sensefly.com/education/datasets/?dataset=5258,310,,,,,,,,,"The gravity dam in Salanfe, Switzerland has a storage capacity of 40 million cubic metres. It is 52m high, 40 m wide at the base, with a 608 m top length. This dataset was collected with an eBee X carrying a senseFly S.O.D.A. 3D camera."
Hotel Modelling,,Aerial,sensefly,sensefly,https://www.sensefly.com/education/datasets/,,,,,,,,,,,
Technology Park,,Aerial,sensefly,sensefly,https://www.sensefly.com/education/datasets/,,,,,,,,,,,
Industrial Estate,,Aerial,sensefly,sensefly,https://www.sensefly.com/education/datasets/,,,,,,,,,,,
Old Lighthouse,,Aerial,sensefly,sensefly,https://www.sensefly.com/education/datasets/,,,,,,,,,,,
New Road Corridor,,Aerial,sensefly,sensefly,https://www.sensefly.com/education/datasets/,,,,,,,,,,,
The Great Aletsch Glacier,,Aerial,sensefly,sensefly,https://www.sensefly.com/education/datasets/,,,,,,,,,,,
Bridge Pillar,,Aerial,sensefly,sensefly,https://www.sensefly.com/education/datasets/,,,,,,,,,,,
GSM tower,,Aerial,sensefly,sensefly,https://www.sensefly.com/education/datasets/,,,,,,,,,,,
Industrial Estate,,Aerial,sensefly,sensefly,https://www.sensefly.com/education/datasets/,,,,,,,,,,,
Crop Field (RGB),,Aerial,sensefly,sensefly,https://www.sensefly.com/education/datasets/,,,,,,,,,,,
Crop Field (Multispectral),,Aerial,sensefly,sensefly,https://www.sensefly.com/education/datasets/,,,,,,,,,,,
Arch Dam,,Aerial,sensefly,sensefly,https://www.sensefly.com/education/datasets/,,,,,,,,,,,
Quarry Rock Face,,Aerial,sensefly,sensefly,https://www.sensefly.com/education/datasets/,,,,,,,,,,,
Airport,,Aerial,sensefly,sensefly,https://www.sensefly.com/education/datasets/,,,,,,,,,,,
Gravel Pit,,Aerial,sensefly,sensefly,https://www.sensefly.com/education/datasets/,,,,,,,,,,,
Small Village,,Aerial,sensefly,sensefly,https://www.sensefly.com/education/datasets/,,,,,,,,,,,
Small Village,,Aerial,sensefly,sensefly,https://www.sensefly.com/education/datasets/,,,,,,,,,,,
Quarry,,Aerial,sensefly,sensefly,https://www.sensefly.com/education/datasets/,,,,,,,,,,,
Solar Panel Installation,,Aerial,sensefly,sensefly,https://www.sensefly.com/education/datasets/,,,,,,,,,,,
Construction Site,,Aerial,dronedata.com,dronedata.com,http://products.dronedata.com/demo/,,28,,,,,,,,,
Swiss Quarry,,Aerial,dronedata.com,dronedata.com,http://products.dronedata.com/demo/,,127,,,,,,,,,
Oblique Imagery,,Aerial,dronedata.com,dronedata.com,http://products.dronedata.com/demo/,,37,,,,,,,,,
Near-Infrared,,Aerial,dronedata.com,dronedata.com,http://products.dronedata.com/demo/,,167,,,,,,,,,
GSM Tower Inspection,,Aerial,dronedata.com,dronedata.com,http://products.dronedata.com/demo/,,95,,,,,,,,,
Swiss Village,,Aerial,dronedata.com,dronedata.com,http://products.dronedata.com/demo/,,297,,,,,,,,,
Bridge Column Inspection,,Aerial,dronedata.com,dronedata.com,http://products.dronedata.com/demo/,,151,,,,,,,,,
Solar Field Thermography,,Aerial,dronedata.com,dronedata.com,http://products.dronedata.com/demo/,,1075,,,,,,,,,
Paris-Le Bourget Airport,,Aerial,dronedata.com,dronedata.com,http://products.dronedata.com/demo/,,557,,,,,,,,,
Quad6K,,,,,http://www.cs.cornell.edu/projects/bigsfm/#data,,,,,,,,,,,
Dubrovnik6K,,,,,http://www.cs.cornell.edu/projects/bigsfm/#data,,,,,,,,,,,
Rome16K,,,,,http://www.cs.cornell.edu/projects/bigsfm/#data,,,,,,,,,,,
NotreDame,,,,,http://www.cs.cornell.edu/projects/bigsfm/#data,,715,,,,,,,,,
1DSfM,,,,,http://www.cs.cornell.edu/projects/bigsfm/#data,,,,,,,,,,,
Trafalgar6K,,,,,http://www.cs.cornell.edu/projects/matchlearn/,,,,,,,,,,,
LondonEye7K,,,,,http://www.cs.cornell.edu/projects/matchlearn/,,,,,,,,,,,
TateModern4K,,,,,http://www.cs.cornell.edu/projects/matchlearn/,,,,,,,,,,,
SanMarco7K,,,,,http://www.cs.cornell.edu/projects/matchlearn/,,,,,,,,,,,
TimesSquare6K,,,,,http://www.cs.cornell.edu/projects/matchlearn/,,,,,,,,,,,
Ladybug,,,,,http://grail.cs.washington.edu/projects/bal/,http://grail.cs.washington.edu/projects/bal/ladybug.html,,,,,,,,,,
Trafalgar Square,,,,,http://grail.cs.washington.edu/projects/bal/,http://grail.cs.washington.edu/projects/bal/trafalgar.html,,,,,,,,,,
Dubrovnik,,,,,http://grail.cs.washington.edu/projects/bal/,http://grail.cs.washington.edu/projects/bal/dubrovnik.html,,,,,,,,,,
Venice,,,,,http://grail.cs.washington.edu/projects/bal/,http://grail.cs.washington.edu/projects/bal/venice.html,,,,,,,,,,
Final,,,,,http://grail.cs.washington.edu/projects/bal/,http://grail.cs.washington.edu/projects/bal/final.html,,,,,,,,,,
Seville,,,,,http://www.cs.cornell.edu/projects/disambig/,,,,,,,,,,,
SacreCoer,,,,,http://www.cs.cornell.edu/projects/disambig/,,,,,,,,,,,
Louvre,,,,,http://www.cs.cornell.edu/projects/disambig/,,,,,,,,,,,
NotreDame,,,,,http://www.cs.cornell.edu/projects/disambig/,,,,,,,,,,,
"University of Arkansas, Fayetteville",,,,,http://gmv.cast.uark.edu/photogrammetry/data/,http://gmv.cast.uark.edu/photogrammetry/data/university-of-arkanas-fayetteville/,,,,,,,,,,
"Tiwanaku, Bolivia",,,,,http://gmv.cast.uark.edu/photogrammetry/data/,http://gmv.cast.uark.edu/photogrammetry/data/tiwanaku-bolivia-photogrammetry-data/,,,,,,,,,,
"Saqsaywaman, Peru",,,,,http://gmv.cast.uark.edu/photogrammetry/data/,http://gmv.cast.uark.edu/photogrammetry/data/cuzco-peru-photogrammetry-data/,,,,,,,,,,
knowth-photogrammetry,,,,,http://gmv.cast.uark.edu/photogrammetry/data/,http://gmv.cast.uark.edu/region-data/data-photogrammetry/knowth-photogrammetry/,,,,,,,,,,
Gabii Photogrammetry,,,,,http://gmv.cast.uark.edu/photogrammetry/data/,http://gmv.cast.uark.edu/region-data/data-photogrammetry/gabii-photogrammetry/,,,,,,,,,,
"Ancient Corinth , Greece","Canon EOS 6D , DJI Phantom 3 , Nikon D90 ",Heritage,"The American School of Classical Studies at Athens , CyArk ",https://openheritage3d.org/data,https://openheritage3d.org/project.php?id=h3r7-t916,https://openheritage3d.org/project.php?id=h3r7-t916,,"12,53",,CC BY-NC-SA ,,,,,,
"Al Azem Palace, Syria","Nikon D90 , Canon EOS 6D ",Heritage,,https://openheritage3d.org/data,https://openheritage3d.org/project.php?id=ws0a-3g91,https://openheritage3d.org/project.php?id=ws0a-3g91,,"11,91",,CC BY-NC-SA ,,,,,,
"Waitangi - Te Whare Rūnanga, New Zealand","DJI Phantom 4 Pro , Nikon D810 , Phase One IQ3 ",Heritage,CyArk ,https://openheritage3d.org/data,https://openheritage3d.org/project.php?id=qjsg-hq73,https://openheritage3d.org/project.php?id=qjsg-hq73,,"11,93",,CC BY-NC-SA ,,,,,,
"Waitangi - Ngātokimatawhaorua, New Zealand","DJI Phantom 4 Pro , Nikon D810 , Phase One IQ3 ",Heritage,CyArk ,https://openheritage3d.org/data,https://openheritage3d.org/project.php?id=v1pz-0r22,https://openheritage3d.org/project.php?id=v1pz-0r22,,"10,81",,CC BY-NC-SA ,,,,,,
"Thomas Jefferson Memorial, United States of America","Nikon D810 , Phase One IQ3 ",Heritage,CyArk ,https://openheritage3d.org/data,https://openheritage3d.org/project.php?id=mpkc-8q07,https://openheritage3d.org/project.php?id=mpkc-8q07,,"47,18",,CC BY-NC-SA ,,,,,,
"Temple of Eshmun, Lebanon",Canon EOS 6D ,Heritage,CyArk ,https://openheritage3d.org/data,https://openheritage3d.org/project.php?id=ys65-1p53,https://openheritage3d.org/project.php?id=ys65-1p53,,"149,53",,CC BY-NC-SA ,,,,,,
"Temple of Apollo - Portara, Greece","DJI Phantom 4 , Canon EOS 6D ",Heritage,CyArk ,https://openheritage3d.org/data,https://openheritage3d.org/project.php?id=3axe-1f63,https://openheritage3d.org/project.php?id=3axe-1f63,,"7,46",,CC BY-NC-SA ,,,,,,
"Taos Pueblo, United States of America","Canon EOS 1Ds Mark III , Canon IXUS 220HS ",Heritage,"Nolte Engineering , URC Ventures , CyArk ",https://openheritage3d.org/data,https://openheritage3d.org/project.php?id=yva5-pc90,https://openheritage3d.org/project.php?id=yva5-pc90,,"4,28",,CC BY-NC-SA ,,,,,,
"Annaberg Plantation, United States of America",Trimble UX5 ,Heritage,"CyArk , Trimble ",https://openheritage3d.org/data,https://openheritage3d.org/project.php?id=vv0h-dq68,https://openheritage3d.org/project.php?id=vv0h-dq68,,"9,54",,CC BY-NC-SA ,,,,,,
"Ayutthaya - Wat Phra Si Sanphet, Thailand","Nikon D810 , DJI Phantom 4 Pro ",Heritage,CyArk ,https://openheritage3d.org/data,https://openheritage3d.org/project.php?id=taz6-n215,https://openheritage3d.org/project.php?id=taz6-n215,,"256,11",,CC BY-NC-SA ,,,,,,
"Bagan - Ananda Ok Kyaung, Myanmar","Canon EOS 5D SR , Nikon D810 , DJI Phantom 4 Pro ",Heritage,CyArk ,https://openheritage3d.org/data,https://openheritage3d.org/project.php?id=sgf3-qp47,https://openheritage3d.org/project.php?id=sgf3-qp47,,"10,32",,CC BY-NC-SA ,,,,,,
"Bagan - Eim Ya Kyaung (Post Earthquake), Myanmar","Nikon D810 , DJI Phantom 4 ",Heritage,CyArk ,https://openheritage3d.org/data,https://openheritage3d.org/project.php?id=gsx5-jf85,https://openheritage3d.org/project.php?id=gsx5-jf85,,"24,69",,CC BY-NC-SA ,,,,,,
"Bagan - Eim Ya Kyaung (Pre Earthquake), Myanmar","DJI Insipre 1 , Sony A6000 ",Heritage,"CyArk , Carleton University ",https://openheritage3d.org/data,https://openheritage3d.org/project.php?id=mn3w-xc18,https://openheritage3d.org/project.php?id=mn3w-xc18,,"8,42",,CC BY-NC-SA ,,,,,,
"Bagan - Khe Min Ga Zedi, Myanmar","Canon EOS 5D SR , Nikon D810 , DJI Phantom 4 ",Heritage,CyArk ,https://openheritage3d.org/data,https://openheritage3d.org/project.php?id=wx4e-hr62,https://openheritage3d.org/project.php?id=wx4e-hr62,,"9,71",,CC BY-NC-SA ,,,,,,
"Bagan - Loka Hteik Pan, Myanmar",Sony A6000 ,Heritage,"CyArk , Carleton University ",https://openheritage3d.org/data,https://openheritage3d.org/project.php?id=05r8-we91,https://openheritage3d.org/project.php?id=05r8-we91,,"8,28",,CC BY-NC-SA ,,,,,,
"Bimaristan Nur al-Din, Syria",Canon EOS 6D ,Heritage,Directorate General of Antiquities and Museums ,https://openheritage3d.org/data,https://openheritage3d.org/project.php?id=nkv2-bn91,https://openheritage3d.org/project.php?id=nkv2-bn91,,"1,29",,CC BY-NC-SA ,,,,,,
"Brandenburg Gate, Germany",Nikon D800E ,Heritage,"CyArk , Institute for Photogrammetry Stuttgard",https://openheritage3d.org/data,https://openheritage3d.org/project.php?id=d51v-fq77,https://openheritage3d.org/project.php?id=d51v-fq77,,"11,54",,CC BY-NC-SA ,,,,,,
"Chavín de Huantar, Peru","Nikon D810 , DJI Phantom 4 Pro ",Heritage,CyArk ,https://openheritage3d.org/data,https://openheritage3d.org/project.php?id=w54r-pb82,https://openheritage3d.org/project.php?id=w54r-pb82,,"27,03",,CC BY-NC-SA ,,,,,,
"Church of St. Sophia, Republic of North Macedonia","Phase One IQ3 , Nikon D810, DJI Phantom 4 Pro ",Heritage,CyArk ,https://openheritage3d.org/data,https://openheritage3d.org/project.php?id=p14w-cd36,https://openheritage3d.org/project.php?id=p14w-cd36,,"222,22",,CC BY-NC-SA ,,,,,,
"Complex of Hué Monuments - An Dinh Palace, Vietnam","Nikon D810 , Phase One IQ3, DJI Phantom 4 Pro ",Heritage,CyArk ,https://openheritage3d.org/data,https://openheritage3d.org/project.php?id=4z5b-vz23,https://openheritage3d.org/project.php?id=4z5b-vz23,,91,,CC BY-NC-SA ,,,,,,
"Complex of Hué Monuments - Tomb of Tu Duc, Vietnam","Nikon D810 , Phase One IQ3, DJI Phantom 4 Pro ",Heritage,CyArk ,https://openheritage3d.org/data,https://openheritage3d.org/project.php?id=n06n-qa49,https://openheritage3d.org/project.php?id=n06n-qa49,,35,,CC BY-NC-SA ,,,,,,
"Flanders Field American Cemetery, Belgium","DJI Phantom 4 , Canon EOS 6D ",Heritage,CyArk ,https://openheritage3d.org/data,https://openheritage3d.org/project.php?id=9d0a-as76,https://openheritage3d.org/project.php?id=9d0a-as76,,"7,05",,CC BY-NC-SA ,,,,,,
"Fort York National Historic Site, Canada","Nikon D810 , DJI Phantom 4 Pro ",Heritage,CyArk ,https://openheritage3d.org/data,https://openheritage3d.org/project.php?id=2pys-t414,https://openheritage3d.org/project.php?id=2pys-t414,,"50,99",,CC BY-NC-SA ,,,,,,
"Jackson Rooming House - A Jim Crow Era Boarding House in the South, United States of America","DJI Mavic Pro , Nikon D850 ",Heritage,"Digital Heritage and Humanities Center, University of South Florida Libraries  ",https://openheritage3d.org/data,https://openheritage3d.org/project.php?id=prmc-an45,https://openheritage3d.org/project.php?id=prmc-an45,,,,CC BY-NC-SA ,,,,,,
"Lukang Longshan Temple, Taiwan","Nikon D40 , Sony A6000 ",Heritage,"CyArk , China University of Technology (CUTe) ",https://openheritage3d.org/data,https://openheritage3d.org/project.php?id=tnav-3t41,https://openheritage3d.org/project.php?id=tnav-3t41,,"5,78",,CC BY-NC-SA ,,,,,,
"Madrasa al-Jaqmaqiya, Syria",Canon EOS 6D ,Heritage,Directorate General of Antiquities and Museums ,https://openheritage3d.org/data,https://openheritage3d.org/project.php?id=z4ay-yf48,https://openheritage3d.org/project.php?id=z4ay-yf48,,"0,95",,CC BY-NC-SA ,,,,,,
"Mesa Verde National Park- Balcony House, United States of America","Canon EOS 5D SR , Nikon D810 , Canon EOS 6D ",Heritage,CyArk ,https://openheritage3d.org/data,https://openheritage3d.org/project.php?id=az9d-mx47,https://openheritage3d.org/project.php?id=az9d-mx47,,"9,72",,CC BY-NC-SA ,,,,,,
"Mexico City Metropolitan Cathedral, Mexico","Nikon D810 , Phase One IQ3, DJI Phantom 4 Pro",Heritage,CyArk ,https://openheritage3d.org/data,https://openheritage3d.org/project.php?id=8j7j-6m43,https://openheritage3d.org/project.php?id=8j7j-6m43,,291,,CC BY-NC-SA ,,,,,,
"Normandy American Cemetery, France","Nikon D810 , Phase One IQ3, DJI Phantom 4 Pro",Heritage,CyArk ,https://openheritage3d.org/data,https://openheritage3d.org/project.php?id=hk15-b859,https://openheritage3d.org/project.php?id=hk15-b859,,"50,7",,CC BY-NC-SA ,,,,,,
"Palace of Fine Arts, Mexico","Nikon D810 , Phase One IQ3 , DJI Phantom 4 Pro",Heritage,CyArk ,https://openheritage3d.org/data,https://openheritage3d.org/project.php?id=vdae-mr89,https://openheritage3d.org/project.php?id=vdae-mr89,,170,,CC BY-NC-SA ,,,,,,
"Stonewall National Monument, United States of America","Fuji XT2 , Nikon D810 ",Heritage,CyArk ,https://openheritage3d.org/data,https://openheritage3d.org/project.php?id=65te-xx92,https://openheritage3d.org/project.php?id=65te-xx92,,"11,22",,CC BY-NC-SA ,,,,,,
Full Body Scan,Raspberry Pi Camera Module v2 ,Person,Yukihiro Iwayama,,https://github.com/HappyOcean/Full_Body_Photogrammetry,,,,,"Free to download, use, reconstruct and make it public. Display the link URL to this repository and give credit to Yukihiro Iwayama . ",,,,,,
3D Objects on Turntable,Canon Powershot G1 ,,Caltech ,,http://www.vision.caltech.edu/Image_Datasets/3D_objects/,,,60,,,,,,,,"This is a database of objects viewed from 144 calibrated viewpoints under 3 different lighting conditions. The objects are placed on an automated turntable and photographed every 5 degrees. Each object is photographed by 2 cameras arranged in a stereo setup, the pictures have a high 3 M-pixels resolution acquired by two Canon Powershot G1 digital cameras. "
Camera grid datasets,,,,,http://lightfield.stanford.edu/lfs.html ,,,,,,,,,,,
60GB datasets,,,,https://universityofcambridgemuseums.github.io/festivalOfIdeas/tutorials/further-reading/,https://drive.google.com/drive/folders/1LgHMXdZYsyGWj-Q-Qm4LmuSnfrcSghNE,,,,,,,,,,,
panel7RoomR musician panel,"Sony A6000, Huawei",,Daniel Pett ,,https://github.com/ProjectNineveh/panel7RoomR,,,,,CC-BY ,,,,,,
FruitCarriersRoomL1 relief ,"Sony A6000, Huawei",,Daniel Pett ,,https://github.com/ProjectNineveh/fruitCarriersRoomL1,,149,,,CC-BY ,,,,,,
panel 13 from Ashurbanipal's palace in Nineveh ,,,Daniel Pett ,,https://github.com/ProjectNineveh/panel13,,,,,CC-BY ,,,,,,
panel17RoomM,,,Daniel Pett ,,https://github.com/ProjectNineveh/panel17RoomM,,,,,CC-BY ,,,,,,
City hall Leuven,,,,https://www.epfl.ch/labs/cvlab/data/data-strechamvs/,https://www.epfl.ch/labs/cvlab/wp-content/uploads/2018/08/rathaus.tar.gz,,7,,,for research purposes only. ,,,,,,
Semper statue Dresden,,,,https://www.epfl.ch/labs/cvlab/data/data-strechamvs/,https://www.epfl.ch/labs/cvlab/wp-content/uploads/2018/08/semper.tar.gz,,3,,,for research purposes only. ,,,,,,
City hall Brussels,,,,https://www.epfl.ch/labs/cvlab/data/data-strechamvs/,,,3,,,for research purposes only. ,,,,,,
Small Plastic,,,,https://www.capturingreality.com/sampledatasets,https://rcdata.capturingreality.com/testset-ga.zip,,14,"0,027",,,,,,,,
Drone Imagery,,,,https://www.capturingreality.com/sampledatasets,https://rcdata.capturingreality.com/testset-dron.zip,,483,,,,,,,,,
Laser Scans and Photos,,,,https://www.capturingreality.com/sampledatasets,https://rcdata.capturingreality.com/testset-las.zip,,83,,,,,,,,,
Head Scan,,,,https://www.capturingreality.com/sampledatasets,https://d3dw42pulxlnbj.cloudfront.net/Head_scan_XMP.7z,,49,,,,,,,,,
The Málaga Stereo and Laser Urban Data Set,"Stereo camera, IMU, GPS, 2xSICK LMS, 3xHOKUYO ",,,https://www.mrpt.org/MalagaUrbanDataset,,,,60,,,,,,,,
Ananias Chapel Photogrammetry Dataset ,,,,https://dataverse.scholarsportal.info/dataset.xhtml?persistentId=doi:10.5683/SP2/XL0YOO,,,,12,,,,,,,,
Khan As'ad Pasha Photogrammetry Dataset ,,,,https://dataverse.scholarsportal.info/dataset.xhtml?persistentId=doi:10.5683/SP2/CKTOOL,,,,,,,,,,,,
Al-‘Azm Palace Photogrammetry Dataset ,,,,https://dataverse.scholarsportal.info/dataset.xhtml?persistentId=doi:10.5683/SP2/SN2YAL,,,,,,,,,,,,
Madrasa al-Jaqmaqiya Photogrammetry Dataset ,,,,https://dataverse.scholarsportal.info/dataset.xhtml?persistentId=doi:10.5683/SP2/KDQUA2,,,,,,,,,,,,
Hammam Nur al-Din Photogrammetry Dataset ,,,,https://dataverse.scholarsportal.info/dataset.xhtml?persistentId=doi:10.5683/SP2/K4W50L,,,,,,,,,,,,
Bimaristan Nur al-Din Photogrammetry Dataset ,,,,https://dataverse.scholarsportal.info/dataset.xhtml?persistentId=doi:10.5683/SP2/RH85N5,,,,,,,,,,,,
Mining,,,,https://info.flyability.com/photogrammetry-dataset,,,,,,,,,,,,
Visual Odometry / SLAM Evaluation 2012,,,,http://www.cvlibs.net/datasets/kitti/eval_odometry.php,,,,,,,,,,,,
Example model: Boy sitting on chair,Pi Scan Rig,,,https://www.pi3dscan.com/index.php/download/category/sample-scan-files,,,,,,,,,,,,
Example Model: Dog with projection,Pi Scan Rig,,,https://www.pi3dscan.com/index.php/download/category/sample-scan-files,,,,,,,,,,,,
Face Scan with 10 Cameras,Pi Scan Rig,,,https://www.pi3dscan.com/index.php/download/category/sample-scan-files,,,,,,,,,,,,
Karate Boy made with projection,Pi Scan Rig,,,https://www.pi3dscan.com/index.php/download/category/sample-scan-files,,,,,,,,,,,,
Man proposing ,Pi Scan Rig,,,https://www.pi3dscan.com/index.php/download/category/sample-scan-files,,,,,,,,,,,,
Richard ,Pi Scan Rig,,,https://www.pi3dscan.com/index.php/download/category/sample-scan-files,,,,,,,,,,,,
Woman in bikini with projection,Pi Scan Rig,,,https://www.pi3dscan.com/index.php/download/category/sample-scan-files,,,,,,,,,,,,
